Global_Route_ID,Day,Route_ID,Route,Demand,Duration_seconds,Duration_hours,Overtime,Owned_Cost_NZD,Leased_Cost_NZD
132,Saturday,1,Warehouse -> New World Albany -> Warehouse,4.0,9676.37,2.6878805555555556,False,591.33,2800.0
133,Saturday,2,Warehouse -> New World Albany -> New World Browns Bay -> Warehouse,8.0,14654.75,4.070763888888889,True,1190.0,4200.0
134,Saturday,3,Warehouse -> New World Long Bay -> New World Browns Bay -> New World Albany -> Warehouse,13.0,20877.17,5.799213888888889,True,1500.0,4200.0
135,Saturday,4,Warehouse -> New World Long Bay -> Four Square Torbay -> New World Browns Bay -> New World Albany -> Warehouse,15.0,23071.39,6.408719444444444,True,1810.0,5600.0
136,Saturday,5,Warehouse -> New World Albany -> New World Browns Bay -> New World Milford -> Warehouse,13.0,20478.39,5.688441666666667,True,1500.0,4200.0
137,Saturday,6,Warehouse -> Four Square Lancaster -> New World Albany -> New World Browns Bay -> New World Milford -> Warehouse,15.0,23699.67,6.583241666666666,True,1810.0,5600.0
138,Saturday,7,Warehouse -> Four Square Torbay -> New World Browns Bay -> New World Albany -> New World Milford -> Warehouse,15.0,23330.18,6.480605555555556,True,1810.0,5600.0
139,Saturday,8,Warehouse -> Pak 'n Save Albany -> New World Albany -> New World Browns Bay -> Warehouse,16.0,23383.8,6.4955,True,1810.0,5600.0
140,Saturday,9,Warehouse -> New World Albany -> New World Browns Bay -> Pak 'n Save Wairau Road -> Warehouse,14.0,21359.0,5.933055555555556,True,1500.0,4200.0
141,Saturday,10,Warehouse -> Four Square Lancaster -> Pak 'n Save Wairau Road -> New World Albany -> New World Browns Bay -> Warehouse,16.0,24518.879999999997,6.8107999999999995,True,1810.0,5600.0
142,Saturday,11,Warehouse -> Four Square Torbay -> New World Browns Bay -> New World Albany -> Pak 'n Save Wairau Road -> Warehouse,16.0,24210.79,6.725219444444445,True,1810.0,5600.0
143,Saturday,12,Warehouse -> Four Square Torbay -> New World Browns Bay -> New World Albany -> Warehouse,10.0,17506.55,4.862930555555556,True,1190.0,4200.0
144,Saturday,13,Warehouse -> New World Albany -> New World Hobsonville -> Warehouse,8.0,14299.82,3.972172222222222,False,873.88,2800.0
145,Saturday,14,Warehouse -> New World Albany -> Pak 'n Save Albany -> New World Hobsonville -> Warehouse,16.0,23018.4,6.394,True,1810.0,5600.0
146,Saturday,15,Warehouse -> Pak 'n Save Lincoln Road -> New World Albany -> New World Hobsonville -> Warehouse,16.0,23327.1,6.479749999999999,True,1810.0,5600.0
147,Saturday,16,Warehouse -> Pak 'n Save Westgate -> New World Albany -> New World Hobsonville -> Warehouse,15.0,22150.760000000002,6.152988888888889,True,1810.0,5600.0
148,Saturday,17,Warehouse -> Four Square Fair Price Henderson -> New World Albany -> New World Hobsonville -> Warehouse,10.0,17258.34,4.793983333333333,True,1190.0,4200.0
149,Saturday,18,Warehouse -> Four Square Glen Eden -> Four Square Fair Price Henderson -> New World Albany -> New World Hobsonville -> Warehouse,12.0,20146.8,5.596333333333333,True,1500.0,4200.0
150,Saturday,19,Warehouse -> Four Square Fair Price Henderson -> New World Albany -> New World Hobsonville -> Four Square Hobsonville -> Warehouse,12.0,19500.6,5.416833333333333,True,1500.0,4200.0
151,Saturday,20,Warehouse -> New World Albany -> New World Hobsonville -> Four Square Hobsonville -> Warehouse,10.0,16542.08,4.595022222222223,True,1190.0,4200.0
152,Saturday,21,Warehouse -> New World Long Bay -> New World Albany -> Warehouse,9.0,16259.04,4.5164,True,1190.0,4200.0
153,Saturday,22,Warehouse -> New World Long Bay -> New World Albany -> New World Milford -> Warehouse,14.0,22082.67,6.134074999999999,True,1810.0,5600.0
154,Saturday,23,Warehouse -> New World Long Bay -> Four Square Torbay -> New World Albany -> New World Milford -> Warehouse,16.0,24502.03,6.806119444444444,True,1810.0,5600.0
155,Saturday,24,Warehouse -> New World Long Bay -> New World Albany -> Pak 'n Save Wairau Road -> Warehouse,15.0,22963.28,6.378688888888888,True,1810.0,5600.0
156,Saturday,25,Warehouse -> New World Long Bay -> Four Square Torbay -> New World Albany -> Warehouse,11.0,18678.4,5.188444444444444,True,1500.0,4200.0
157,Saturday,26,Warehouse -> New World Albany -> New World Milford -> Warehouse,9.0,15500.0,4.305555555555555,True,1190.0,4200.0
158,Saturday,27,Warehouse -> New World Albany -> Pak 'n Save Wairau Road -> New World Milford -> Warehouse,15.0,22208.21,6.168947222222222,True,1810.0,5600.0
159,Saturday,28,Warehouse -> Four Square Lancaster -> New World Albany -> New World Milford -> Warehouse,11.0,18721.28,5.200355555555555,True,1500.0,4200.0
160,Saturday,29,Warehouse -> Four Square Torbay -> New World Albany -> New World Milford -> Warehouse,11.0,18937.190000000002,5.260330555555556,True,1500.0,4200.0
161,Saturday,30,Warehouse -> New World Albany -> Pak 'n Save Albany -> Warehouse,12.0,18394.95,5.109708333333334,True,1500.0,4200.0
162,Saturday,31,Warehouse -> New World Albany -> Pak 'n Save Albany -> Four Square Hobsonville -> Warehouse,14.0,20882.18,5.800605555555555,True,1500.0,4200.0
163,Saturday,32,Warehouse -> Four Square Lancaster -> New World Albany -> Pak 'n Save Albany -> Warehouse,14.0,21616.23,6.004508333333333,True,1810.0,5600.0
164,Saturday,33,Warehouse -> Four Square Torbay -> New World Albany -> Pak 'n Save Albany -> Warehouse,14.0,21832.14,6.0644833333333334,True,1810.0,5600.0
165,Saturday,34,Warehouse -> New World Albany -> Pak 'n Save Wairau Road -> Warehouse,10.0,16380.61,4.550169444444444,True,1190.0,4200.0
166,Saturday,35,Warehouse -> Four Square Lancaster -> Pak 'n Save Wairau Road -> New World Albany -> Warehouse,12.0,19540.5,5.4279166666666665,True,1500.0,4200.0
167,Saturday,36,Warehouse -> Four Square Torbay -> New World Albany -> Pak 'n Save Wairau Road -> Warehouse,12.0,19817.800000000003,5.504944444444445,True,1500.0,4200.0
168,Saturday,37,Warehouse -> New World Albany -> Four Square Hobsonville -> Warehouse,6.0,12163.6,3.3787777777777777,False,743.33,2800.0
169,Saturday,38,Warehouse -> Four Square Lancaster -> New World Albany -> Warehouse,6.0,12897.65,3.5826805555555556,False,788.19,2800.0
170,Saturday,39,Warehouse -> Four Square Torbay -> New World Albany -> Warehouse,6.0,13113.560000000001,3.6426555555555558,False,801.38,2800.0
171,Saturday,40,Warehouse -> New World Birkenhead -> Warehouse,4.0,8545.77,2.373825,False,522.24,2800.0
172,Saturday,41,Warehouse -> New World Birkenhead -> New World Devonport -> Warehouse,8.0,15130.11,4.2028083333333335,True,1190.0,4200.0
173,Saturday,42,Warehouse -> New World Birkenhead -> New World Devonport -> New World Metro Shore City -> Warehouse,10.0,17504.47,4.862352777777778,True,1190.0,4200.0
174,Saturday,43,Warehouse -> New World Birkenhead -> New World Devonport -> New World Metro Shore City -> New World Metro Queen St -> Warehouse,12.0,20175.59,5.604330555555555,True,1500.0,4200.0
175,Saturday,44,Warehouse -> New World Birkenhead -> New World Devonport -> New World Metro Shore City -> New World Metro Queen St -> New World Newmarket -> Warehouse,15.0,23960.48,6.655688888888889,True,1810.0,5600.0
176,Saturday,45,Warehouse -> New World Metro Queen St -> New World Victoria Park -> New World Birkenhead -> New World Devonport -> New World Metro Shore City -> Warehouse,16.0,24658.190000000002,6.849497222222223,True,1810.0,5600.0
177,Saturday,46,Warehouse -> New World Birkenhead -> New World Devonport -> New World Metro Shore City -> Four Square Britomart -> New World Metro Queen St -> Warehouse,14.0,22461.83,6.239397222222223,True,1810.0,5600.0
178,Saturday,47,Warehouse -> New World Birkenhead -> New World Devonport -> New World Metro Shore City -> Four Square Britomart -> New World Metro Queen St -> Four Square Eden Terrace -> Warehouse,16.0,24845.31,6.9014750000000005,True,1810.0,5600.0
179,Saturday,48,Warehouse -> New World Birkenhead -> New World Devonport -> New World Metro Shore City -> New World Metro Queen St -> Four Square Eden Terrace -> Warehouse,14.0,22559.07,6.266408333333334,True,1810.0,5600.0
180,Saturday,49,Warehouse -> New World Birkenhead -> New World Milford -> New World Metro Shore City -> New World Devonport -> Warehouse,15.0,23369.97,6.4916583333333335,True,1810.0,5600.0
181,Saturday,50,Warehouse -> New World Victoria Park -> New World Birkenhead -> New World Devonport -> New World Metro Shore City -> Warehouse,14.0,22142.32,6.150644444444445,True,1810.0,5600.0
182,Saturday,51,Warehouse -> Four Square Britomart -> New World Victoria Park -> New World Birkenhead -> New World Devonport -> New World Metro Shore City -> Warehouse,16.0,24760.36,6.877877777777778,True,1810.0,5600.0
183,Saturday,52,Warehouse -> New World Birkenhead -> New World Devonport -> New World Metro Shore City -> New World Victoria Park -> Four Square Eden Terrace -> Warehouse,16.0,24637.41,6.843725,True,1810.0,5600.0
184,Saturday,53,Warehouse -> New World Birkenhead -> Pak 'n Save Wairau Road -> New World Metro Shore City -> New World Devonport -> Warehouse,16.0,24337.07,6.760297222222222,True,1810.0,5600.0
185,Saturday,54,Warehouse -> New World Birkenhead -> Four Square Lancaster -> New World Devonport -> New World Metro Shore City -> Warehouse,12.0,20275.8,5.6321666666666665,True,1500.0,4200.0
186,Saturday,55,Warehouse -> New World Birkenhead -> New World Devonport -> New World Metro Queen St -> Warehouse,10.0,17801.23,4.944786111111111,True,1190.0,4200.0
187,Saturday,56,Warehouse -> New World Birkenhead -> New World Devonport -> New World Metro Queen St -> New World Mt Albert -> Warehouse,15.0,23362.57,6.489602777777778,True,1810.0,5600.0
188,Saturday,57,Warehouse -> New World Birkenhead -> New World Devonport -> New World Metro Queen St -> New World Newmarket -> Warehouse,13.0,21586.12,5.996144444444444,True,1500.0,4200.0
189,Saturday,58,Warehouse -> New World Birkenhead -> New World Devonport -> Four Square Britomart -> New World Metro Queen St -> New World Newmarket -> Warehouse,15.0,23872.36,6.631211111111111,True,1810.0,5600.0
190,Saturday,59,Warehouse -> New World Birkenhead -> New World Devonport -> New World Metro Queen St -> New World Newmarket -> Four Square Eden Terrace -> Warehouse,15.0,23963.379999999997,6.656494444444443,True,1810.0,5600.0
191,Saturday,60,Warehouse -> New World Birkenhead -> New World Devonport -> New World Metro Queen St -> New World Newmarket -> Four Square Ellerslie -> Warehouse,15.0,24632.61,6.842391666666667,True,1810.0,5600.0
192,Saturday,61,Warehouse -> Four Square Onehunga -> New World Newmarket -> New World Metro Queen St -> New World Birkenhead -> New World Devonport -> Warehouse,15.0,23945.33,6.651480555555556,True,1810.0,5600.0
193,Saturday,62,Warehouse -> New World Birkenhead -> New World Devonport -> New World Metro Queen St -> New World Newmarket -> Four Square Remuera -> Warehouse,15.0,24641.010000000002,6.844725,True,1810.0,5600.0
194,Saturday,63,Warehouse -> New World Birkenhead -> New World Devonport -> New World Metro Queen St -> New World Point Chevalier -> Warehouse,15.0,23592.12,6.553366666666666,True,1810.0,5600.0
195,Saturday,64,Warehouse -> New World Metro Queen St -> New World Victoria Park -> New World Birkenhead -> New World Devonport -> Warehouse,14.0,22283.83,6.189952777777778,True,1810.0,5600.0
196,Saturday,65,Warehouse -> Four Square Britomart -> New World Metro Queen St -> New World Victoria Park -> New World Birkenhead -> New World Devonport -> Warehouse,16.0,24580.36,6.827877777777778,True,1810.0,5600.0
197,Saturday,66,Warehouse -> Four Square Eden Terrace -> New World Metro Queen St -> New World Victoria Park -> New World Birkenhead -> New World Devonport -> Warehouse,16.0,24665.63,6.851563888888889,True,1810.0,5600.0
198,Saturday,67,Warehouse -> New World Birkenhead -> New World Devonport -> Four Square Britomart -> New World Metro Queen St -> Warehouse,12.0,20087.47,5.579852777777778,True,1500.0,4200.0
199,Saturday,68,Warehouse -> New World Birkenhead -> New World Devonport -> Four Square Britomart -> New World Metro Queen St -> Four Square Eden Terrace -> Warehouse,14.0,22470.95,6.241930555555555,True,1810.0,5600.0
200,Saturday,69,Warehouse -> New World Birkenhead -> New World Devonport -> New World Metro Queen St -> Four Square Eden Terrace -> Warehouse,12.0,20184.71,5.606863888888888,True,1500.0,4200.0
201,Saturday,70,Warehouse -> New World Birkenhead -> New World Devonport -> New World Metro Queen St -> Four Square Remuera -> Four Square Eden Terrace -> Warehouse,14.0,23557.370000000003,6.54371388888889,True,1810.0,5600.0
202,Saturday,71,Warehouse -> New World Birkenhead -> New World Milford -> New World Devonport -> Warehouse,13.0,21135.3,5.870916666666666,True,1500.0,4200.0
203,Saturday,72,Warehouse -> New World Birkenhead -> Four Square Lancaster -> New World Milford -> New World Devonport -> Warehouse,15.0,23712.260000000002,6.586738888888889,True,1810.0,5600.0
204,Saturday,73,Warehouse -> New World Victoria Park -> New World Birkenhead -> New World Devonport -> Warehouse,12.0,19767.96,5.491099999999999,True,1500.0,4200.0
205,Saturday,74,Warehouse -> Four Square Britomart -> New World Victoria Park -> New World Birkenhead -> New World Devonport -> Warehouse,14.0,22386.0,6.218333333333334,True,1810.0,5600.0
206,Saturday,75,Warehouse -> New World Birkenhead -> New World Devonport -> New World Victoria Park -> Four Square Britomart -> Four Square Eden Terrace -> Warehouse,16.0,24839.97,6.899991666666667,True,1810.0,5600.0
207,Saturday,76,Warehouse -> New World Birkenhead -> New World Devonport -> New World Victoria Park -> Four Square Eden Terrace -> Warehouse,14.0,22263.05,6.184180555555556,True,1810.0,5600.0
208,Saturday,77,Warehouse -> New World Birkenhead -> Pak 'n Save Wairau Road -> New World Devonport -> Warehouse,14.0,22132.9,6.148027777777778,True,1810.0,5600.0
209,Saturday,78,Warehouse -> New World Birkenhead -> Four Square Lancaster -> Pak 'n Save Wairau Road -> New World Devonport -> Warehouse,16.0,24667.17,6.851991666666666,True,1810.0,5600.0
210,Saturday,79,Warehouse -> New World Birkenhead -> New World Metro Shore City -> Warehouse,6.0,11597.29,3.2214694444444447,False,708.72,2800.0
211,Saturday,80,Warehouse -> New World Birkenhead -> New World Metro Shore City -> New World Metro Queen St -> Warehouse,8.0,14268.41,3.9634472222222223,False,871.96,2800.0
212,Saturday,81,Warehouse -> New World Birkenhead -> New World Metro Shore City -> New World Metro Queen St -> New World Mt Albert -> Warehouse,13.0,19829.75,5.508263888888889,True,1500.0,4200.0
213,Saturday,82,Warehouse -> New World Mt Roskill -> New World Birkenhead -> New World Metro Shore City -> New World Metro Queen St -> New World Mt Albert -> Warehouse,16.0,23111.19,6.419775,True,1810.0,5600.0
214,Saturday,83,Warehouse -> New World Birkenhead -> New World Metro Shore City -> Four Square Britomart -> New World Metro Queen St -> New World Mt Albert -> Warehouse,15.0,22115.989999999998,6.143330555555555,True,1810.0,5600.0
215,Saturday,84,Warehouse -> New World Mt Albert -> Four Square Eden Terrace -> New World Metro Queen St -> New World Birkenhead -> New World Metro Shore City -> Warehouse,15.0,22141.8,6.1505,True,1810.0,5600.0
216,Saturday,85,Warehouse -> New World Birkenhead -> New World Metro Shore City -> New World Metro Queen St -> New World Newmarket -> Warehouse,11.0,18053.3,5.014805555555555,True,1500.0,4200.0
217,Saturday,86,Warehouse -> New World Birkenhead -> New World Metro Shore City -> New World Metro Queen St -> New World Newmarket -> New World Point Chevalier -> Warehouse,16.0,23844.19,6.6233861111111105,True,1810.0,5600.0
218,Saturday,87,Warehouse -> New World Birkenhead -> New World Metro Shore City -> New World Metro Queen St -> New World Remuera -> New World Newmarket -> Warehouse,15.0,23006.809999999998,6.390780555555555,True,1810.0,5600.0
219,Saturday,88,Warehouse -> New World Newmarket -> New World Metro Queen St -> New World Victoria Park -> New World Birkenhead -> New World Metro Shore City -> Warehouse,15.0,22522.77,6.256325,True,1810.0,5600.0
220,Saturday,89,Warehouse -> New World Birkenhead -> New World Metro Shore City -> Four Square Britomart -> New World Metro Queen St -> New World Newmarket -> Warehouse,13.0,20339.54,5.649872222222222,True,1500.0,4200.0
221,Saturday,90,Warehouse -> New World Birkenhead -> New World Metro Shore City -> Four Square Britomart -> New World Metro Queen St -> New World Newmarket -> Four Square Eden Terrace -> Warehouse,15.0,22716.8,6.310222222222222,True,1810.0,5600.0
222,Saturday,91,Warehouse -> New World Birkenhead -> New World Metro Shore City -> New World Metro Queen St -> New World Newmarket -> Four Square Eden Terrace -> Warehouse,13.0,20430.559999999998,5.675155555555555,True,1500.0,4200.0
223,Saturday,92,Warehouse -> New World Birkenhead -> New World Metro Shore City -> New World Metro Queen St -> New World Newmarket -> Four Square Remuera -> Four Square Eden Terrace -> Warehouse,15.0,23485.44,6.523733333333333,True,1810.0,5600.0
224,Saturday,93,Warehouse -> New World Birkenhead -> New World Metro Shore City -> New World Metro Queen St -> New World Newmarket -> Four Square Ellerslie -> Warehouse,13.0,21099.79,5.861052777777778,True,1500.0,4200.0
225,Saturday,94,Warehouse -> New World Birkenhead -> New World Metro Shore City -> New World Metro Queen St -> New World Newmarket -> Four Square Ellerslie -> Four Square Onehunga -> Warehouse,15.0,22902.39,6.361775,True,1810.0,5600.0
226,Saturday,95,Warehouse -> New World Birkenhead -> New World Metro Shore City -> New World Metro Queen St -> New World Newmarket -> Four Square Ellerslie -> Four Square Remuera -> Warehouse,15.0,23476.11,6.521141666666667,True,1810.0,5600.0
227,Saturday,96,Warehouse -> New World Newmarket -> Four Square Ellerslie -> Four Square St Heliers -> New World Metro Queen St -> New World Birkenhead -> New World Metro Shore City -> Warehouse,15.0,24499.559999999998,6.805433333333332,True,1810.0,5600.0
228,Saturday,97,Warehouse -> Four Square Onehunga -> New World Newmarket -> New World Metro Queen St -> New World Birkenhead -> New World Metro Shore City -> Warehouse,13.0,20412.510000000002,5.670141666666667,True,1500.0,4200.0
229,Saturday,98,Warehouse -> Four Square Onehunga -> Four Square Remuera -> New World Newmarket -> New World Metro Queen St -> New World Birkenhead -> New World Metro Shore City -> Warehouse,15.0,23112.5,6.420138888888889,True,1810.0,5600.0
230,Saturday,99,Warehouse -> New World Birkenhead -> New World Metro Shore City -> New World Metro Queen St -> New World Newmarket -> Four Square Remuera -> Warehouse,13.0,21108.19,5.863386111111111,True,1500.0,4200.0
231,Saturday,100,Warehouse -> New World Newmarket -> Four Square Remuera -> Four Square St Heliers -> New World Metro Queen St -> New World Birkenhead -> New World Metro Shore City -> Warehouse,15.0,24447.309999999998,6.790919444444444,True,1810.0,5600.0
232,Saturday,101,Warehouse -> New World Birkenhead -> New World Metro Shore City -> New World Metro Queen St -> New World Point Chevalier -> Warehouse,13.0,20059.3,5.572027777777778,True,1500.0,4200.0
233,Saturday,102,Warehouse -> New World Birkenhead -> New World Metro Shore City -> Four Square Britomart -> New World Metro Queen St -> New World Point Chevalier -> Warehouse,15.0,22345.54,6.2070944444444445,True,1810.0,5600.0
234,Saturday,103,Warehouse -> New World Birkenhead -> New World Metro Shore City -> New World Metro Queen St -> Four Square Eden Terrace -> New World Point Chevalier -> Warehouse,15.0,22442.78,6.234105555555555,True,1810.0,5600.0
235,Saturday,104,Warehouse -> New World Metro Queen St -> New World Victoria Park -> New World Birkenhead -> New World Metro Shore City -> Warehouse,12.0,18751.010000000002,5.208613888888889,True,1500.0,4200.0
236,Saturday,105,Warehouse -> Four Square Britomart -> New World Metro Queen St -> New World Victoria Park -> New World Birkenhead -> New World Metro Shore City -> Warehouse,14.0,21047.54,5.846538888888889,True,1500.0,4200.0
237,Saturday,106,Warehouse -> New World Birkenhead -> New World Metro Shore City -> New World Victoria Park -> Four Square Britomart -> New World Metro Queen St -> Four Square Eden Terrace -> Warehouse,16.0,23467.15,6.5186527777777785,True,1810.0,5600.0
238,Saturday,107,Warehouse -> Four Square Eden Terrace -> New World Metro Queen St -> New World Victoria Park -> New World Birkenhead -> New World Metro Shore City -> Warehouse,14.0,21132.81,5.8702250000000005,True,1500.0,4200.0
239,Saturday,108,Warehouse -> New World Birkenhead -> New World Metro Shore City -> New World Victoria Park -> New World Metro Queen St -> Four Square Remuera -> Four Square Eden Terrace -> Warehouse,16.0,24510.83,6.808563888888889,True,1810.0,5600.0
240,Saturday,109,Warehouse -> New World Birkenhead -> New World Metro Shore City -> Four Square Britomart -> New World Metro Queen St -> Warehouse,10.0,16554.65,4.598513888888889,True,1190.0,4200.0
241,Saturday,110,Warehouse -> New World Birkenhead -> New World Metro Shore City -> Four Square Britomart -> New World Metro Queen St -> Four Square Eden Terrace -> Warehouse,12.0,18938.13,5.2605916666666666,True,1500.0,4200.0
242,Saturday,111,Warehouse -> New World Birkenhead -> New World Metro Shore City -> Four Square Britomart -> New World Metro Queen St -> Four Square Remuera -> Four Square Eden Terrace -> Warehouse,14.0,22310.79,6.197441666666667,True,1810.0,5600.0
243,Saturday,112,Warehouse -> New World Birkenhead -> New World Metro Shore City -> New World Metro Queen St -> Four Square Eden Terrace -> Warehouse,10.0,16651.89,4.625525,True,1190.0,4200.0
244,Saturday,113,Warehouse -> New World Birkenhead -> New World Metro Shore City -> New World Metro Queen St -> Four Square Remuera -> Four Square Eden Terrace -> Warehouse,12.0,20024.55,5.562374999999999,True,1500.0,4200.0
245,Saturday,114,Warehouse -> New World Birkenhead -> New World Metro Shore City -> New World Metro Queen St -> Four Square St Heliers -> Four Square Remuera -> Four Square Eden Terrace -> Warehouse,14.0,23362.89,6.489691666666666,True,1810.0,5600.0
246,Saturday,115,Warehouse -> New World Birkenhead -> New World Milford -> New World Metro Shore City -> Warehouse,11.0,17404.36,4.834544444444445,True,1190.0,4200.0
247,Saturday,116,Warehouse -> New World Birkenhead -> Four Square Lancaster -> New World Milford -> New World Metro Shore City -> Warehouse,13.0,19981.32,5.550366666666666,True,1500.0,4200.0
248,Saturday,117,Warehouse -> New World Birkenhead -> Four Square Torbay -> New World Milford -> New World Metro Shore City -> Warehouse,13.0,21816.510000000002,6.060141666666667,True,1810.0,5600.0
249,Saturday,118,Warehouse -> New World Victoria Park -> New World Birkenhead -> New World Metro Shore City -> Warehouse,10.0,16235.14,4.509761111111111,True,1190.0,4200.0
250,Saturday,119,Warehouse -> Four Square Britomart -> New World Victoria Park -> New World Birkenhead -> New World Metro Shore City -> Warehouse,12.0,18853.18,5.236994444444445,True,1500.0,4200.0
251,Saturday,120,Warehouse -> New World Birkenhead -> New World Metro Shore City -> New World Victoria Park -> Four Square Britomart -> Four Square Eden Terrace -> Warehouse,14.0,21307.15,5.918652777777778,True,1500.0,4200.0
252,Saturday,121,Warehouse -> New World Birkenhead -> New World Metro Shore City -> New World Victoria Park -> Four Square Britomart -> Four Square Remuera -> Four Square Eden Terrace -> Warehouse,16.0,24614.3,6.837305555555555,True,1810.0,5600.0
253,Saturday,122,Warehouse -> New World Birkenhead -> New World Metro Shore City -> New World Victoria Park -> Four Square Eden Terrace -> Warehouse,12.0,18730.23,5.202841666666666,True,1500.0,4200.0
254,Saturday,123,Warehouse -> New World Victoria Park -> New World Birkenhead -> New World Metro Shore City -> Four Square Remuera -> Four Square Eden Terrace -> Warehouse,14.0,22022.21,6.117280555555555,True,1810.0,5600.0
255,Saturday,124,Warehouse -> New World Birkenhead -> Pak 'n Save Wairau Road -> New World Metro Shore City -> Warehouse,12.0,18371.46,5.103183333333333,True,1500.0,4200.0
256,Saturday,125,Warehouse -> New World Birkenhead -> Four Square Lancaster -> Pak 'n Save Wairau Road -> New World Metro Shore City -> Warehouse,14.0,20905.73,5.8071472222222225,True,1500.0,4200.0
257,Saturday,126,Warehouse -> New World Birkenhead -> Pak 'n Save Wairau Road -> Four Square Torbay -> New World Metro Shore City -> Warehouse,14.0,22841.41,6.344836111111111,True,1810.0,5600.0
258,Saturday,127,Warehouse -> New World Birkenhead -> Four Square Lancaster -> New World Metro Shore City -> Warehouse,8.0,14328.14,3.9800388888888887,False,875.61,2800.0
259,Saturday,128,Warehouse -> New World Birkenhead -> New World Metro Queen St -> Warehouse,6.0,11216.89,3.1158027777777777,False,685.48,2800.0
260,Saturday,129,Warehouse -> New World Birkenhead -> New World Metro Queen St -> New World Mt Albert -> Warehouse,11.0,16778.23,4.660619444444444,True,1190.0,4200.0
261,Saturday,130,Warehouse -> New World Mt Roskill -> New World Birkenhead -> New World Metro Queen St -> New World Mt Albert -> Warehouse,14.0,20059.67,5.572130555555555,True,1500.0,4200.0
262,Saturday,131,Warehouse -> New World Mt Roskill -> Four Square Onehunga -> New World Metro Queen St -> New World Birkenhead -> New World Mt Albert -> Warehouse,16.0,22659.28,6.294244444444444,True,1810.0,5600.0
263,Saturday,132,Warehouse -> New World Birkenhead -> New World Metro Queen St -> New World Mt Albert -> New World New Lynn -> Warehouse,15.0,22060.21,6.127836111111111,True,1810.0,5600.0
264,Saturday,133,Warehouse -> New World Mt Albert -> New World Point Chevalier -> New World Birkenhead -> New World Metro Queen St -> Warehouse,16.0,22518.19,6.255052777777777,True,1810.0,5600.0
265,Saturday,134,Warehouse -> New World Metro Queen St -> New World Victoria Park -> New World Birkenhead -> New World Mt Albert -> Warehouse,15.0,21260.83,5.905786111111111,True,1500.0,4200.0
266,Saturday,135,Warehouse -> New World Birkenhead -> Four Square Britomart -> New World Metro Queen St -> New World Mt Albert -> Warehouse,13.0,19064.47,5.295686111111111,True,1500.0,4200.0
267,Saturday,136,Warehouse -> New World Mt Albert -> Four Square Eden Terrace -> New World Metro Queen St -> Four Square Britomart -> New World Birkenhead -> Warehouse,15.0,21377.440000000002,5.938177777777779,True,1500.0,4200.0
268,Saturday,137,Warehouse -> New World Mt Albert -> Four Square Eden Terrace -> New World Metro Queen St -> New World Birkenhead -> Warehouse,13.0,19090.28,5.302855555555555,True,1500.0,4200.0
269,Saturday,138,Warehouse -> New World Mt Albert -> Four Square Eden Terrace -> New World Metro Queen St -> New World Birkenhead -> Four Square Remuera -> Warehouse,15.0,22500.1,6.2500277777777775,True,1810.0,5600.0
270,Saturday,139,Warehouse -> New World Birkenhead -> New World Metro Queen St -> New World Newmarket -> Warehouse,9.0,15001.78,4.1671611111111115,True,1190.0,4200.0
271,Saturday,140,Warehouse -> New World Birkenhead -> New World Metro Queen St -> New World Newmarket -> New World Point Chevalier -> Warehouse,14.0,20792.67,5.775741666666666,True,1500.0,4200.0
272,Saturday,141,Warehouse -> New World Birkenhead -> Four Square Britomart -> New World Metro Queen St -> New World Newmarket -> New World Point Chevalier -> Warehouse,16.0,23078.91,6.410808333333334,True,1810.0,5600.0
273,Saturday,142,Warehouse -> New World Birkenhead -> New World Metro Queen St -> New World Newmarket -> Four Square Eden Terrace -> New World Point Chevalier -> Warehouse,16.0,23169.93,6.436091666666667,True,1810.0,5600.0
274,Saturday,143,Warehouse -> New World Birkenhead -> New World Metro Queen St -> New World Remuera -> New World Newmarket -> Warehouse,13.0,19955.29,5.543136111111111,True,1500.0,4200.0
275,Saturday,144,Warehouse -> New World Birkenhead -> New World Metro Queen St -> New World Remuera -> New World Newmarket -> Four Square Eden Terrace -> Warehouse,15.0,22332.55,6.203486111111111,True,1810.0,5600.0
276,Saturday,145,Warehouse -> New World Birkenhead -> New World Metro Queen St -> Four Square Ellerslie -> New World Remuera -> New World Newmarket -> Warehouse,15.0,22603.6,6.278777777777777,True,1810.0,5600.0
277,Saturday,146,Warehouse -> Four Square Onehunga -> New World Remuera -> New World Newmarket -> New World Metro Queen St -> New World Birkenhead -> Warehouse,15.0,21980.73,6.105758333333333,True,1810.0,5600.0
278,Saturday,147,Warehouse -> New World Birkenhead -> New World Metro Queen St -> New World Newmarket -> New World Remuera -> Four Square Remuera -> Warehouse,15.0,22435.88,6.2321888888888894,True,1810.0,5600.0
279,Saturday,148,Warehouse -> New World Newmarket -> New World Remuera -> Four Square St Heliers -> New World Metro Queen St -> New World Birkenhead -> Warehouse,15.0,23573.5,6.548194444444444,True,1810.0,5600.0
280,Saturday,149,Warehouse -> New World Newmarket -> New World Metro Queen St -> New World Victoria Park -> New World Birkenhead -> Warehouse,13.0,19471.25,5.408680555555556,True,1500.0,4200.0
281,Saturday,150,Warehouse -> New World Newmarket -> Four Square Britomart -> New World Metro Queen St -> New World Victoria Park -> New World Birkenhead -> Warehouse,15.0,21807.66,6.057683333333333,True,1810.0,5600.0
282,Saturday,151,Warehouse -> New World Birkenhead -> New World Victoria Park -> New World Metro Queen St -> New World Newmarket -> Four Square Eden Terrace -> Warehouse,15.0,21865.32,6.0737,True,1810.0,5600.0
283,Saturday,152,Warehouse -> New World Birkenhead -> Four Square Britomart -> New World Metro Queen St -> New World Newmarket -> Warehouse,11.0,17288.02,4.8022277777777775,True,1190.0,4200.0
284,Saturday,153,Warehouse -> New World Birkenhead -> Four Square Britomart -> New World Metro Queen St -> New World Newmarket -> Four Square Eden Terrace -> Warehouse,13.0,19665.28,5.462577777777778,True,1500.0,4200.0
285,Saturday,154,Warehouse -> New World Birkenhead -> Four Square Britomart -> New World Metro Queen St -> New World Newmarket -> Four Square Remuera -> Four Square Eden Terrace -> Warehouse,15.0,22720.16,6.311155555555556,True,1810.0,5600.0
286,Saturday,155,Warehouse -> New World Birkenhead -> New World Metro Queen St -> New World Newmarket -> Four Square Eden Terrace -> Warehouse,11.0,17379.04,4.827511111111112,True,1190.0,4200.0
287,Saturday,156,Warehouse -> New World Birkenhead -> New World Metro Queen St -> New World Newmarket -> Four Square Remuera -> Four Square Eden Terrace -> Warehouse,13.0,20433.92,5.676088888888889,True,1500.0,4200.0
288,Saturday,157,Warehouse -> New World Birkenhead -> New World Metro Queen St -> Four Square St Heliers -> Four Square Remuera -> New World Newmarket -> Four Square Eden Terrace -> Warehouse,15.0,23818.9,6.616361111111112,True,1810.0,5600.0
289,Saturday,158,Warehouse -> New World Birkenhead -> New World Metro Queen St -> New World Newmarket -> Four Square Ellerslie -> Warehouse,11.0,18048.27,5.0134083333333335,True,1500.0,4200.0
290,Saturday,159,Warehouse -> New World Birkenhead -> New World Metro Queen St -> New World Newmarket -> Four Square Ellerslie -> Four Square Onehunga -> Warehouse,13.0,19850.87,5.514130555555555,True,1500.0,4200.0
291,Saturday,160,Warehouse -> Four Square Onehunga -> Four Square Ellerslie -> Four Square Remuera -> New World Newmarket -> New World Metro Queen St -> New World Birkenhead -> Warehouse,15.0,22330.4,6.202888888888889,True,1810.0,5600.0
292,Saturday,161,Warehouse -> New World Birkenhead -> New World Metro Queen St -> New World Newmarket -> Four Square Ellerslie -> Four Square Remuera -> Warehouse,13.0,20424.59,5.673497222222222,True,1500.0,4200.0
293,Saturday,162,Warehouse -> New World Newmarket -> Four Square Ellerslie -> Four Square Remuera -> Four Square St Heliers -> New World Metro Queen St -> New World Birkenhead -> Warehouse,15.0,23763.71,6.601030555555555,True,1810.0,5600.0
294,Saturday,163,Warehouse -> New World Newmarket -> Four Square Ellerslie -> Four Square St Heliers -> New World Metro Queen St -> New World Birkenhead -> Warehouse,13.0,21448.04,5.9577888888888895,True,1500.0,4200.0
295,Saturday,164,Warehouse -> Four Square Onehunga -> New World Newmarket -> New World Metro Queen St -> New World Birkenhead -> Warehouse,11.0,17360.989999999998,4.822497222222221,True,1190.0,4200.0
296,Saturday,165,Warehouse -> Four Square Onehunga -> Four Square Remuera -> New World Newmarket -> New World Metro Queen St -> New World Birkenhead -> Warehouse,13.0,20060.98,5.572494444444445,True,1500.0,4200.0
297,Saturday,166,Warehouse -> Four Square Onehunga -> Four Square Remuera -> Four Square St Heliers -> New World Newmarket -> New World Metro Queen St -> New World Birkenhead -> Warehouse,15.0,23671.77,6.575491666666667,True,1810.0,5600.0
298,Saturday,167,Warehouse -> New World Birkenhead -> New World Metro Queen St -> New World Newmarket -> Four Square Remuera -> Warehouse,11.0,18056.67,5.015741666666666,True,1500.0,4200.0
299,Saturday,168,Warehouse -> New World Newmarket -> Four Square Remuera -> Four Square St Heliers -> New World Metro Queen St -> New World Birkenhead -> Warehouse,13.0,21395.79,5.943275,True,1500.0,4200.0
300,Saturday,169,Warehouse -> New World Birkenhead -> New World Metro Queen St -> New World Point Chevalier -> Warehouse,11.0,17007.78,4.724383333333333,True,1190.0,4200.0
301,Saturday,170,Warehouse -> New World Metro Queen St -> New World Victoria Park -> New World Birkenhead -> New World Point Chevalier -> Warehouse,15.0,21490.37,5.969547222222222,True,1500.0,4200.0
302,Saturday,171,Warehouse -> New World Birkenhead -> Four Square Britomart -> New World Metro Queen St -> New World Point Chevalier -> Warehouse,13.0,19294.02,5.35945,True,1500.0,4200.0
303,Saturday,172,Warehouse -> New World Birkenhead -> Four Square Britomart -> New World Metro Queen St -> Four Square Eden Terrace -> New World Point Chevalier -> Warehouse,15.0,21677.5,6.021527777777778,True,1810.0,5600.0
304,Saturday,173,Warehouse -> New World Birkenhead -> New World Metro Queen St -> Four Square Eden Terrace -> New World Point Chevalier -> Warehouse,13.0,19391.260000000002,5.386461111111112,True,1500.0,4200.0
305,Saturday,174,Warehouse -> New World Birkenhead -> New World Metro Queen St -> Four Square Remuera -> Four Square Eden Terrace -> New World Point Chevalier -> Warehouse,15.0,22763.92,6.323311111111111,True,1810.0,5600.0
306,Saturday,175,Warehouse -> New World Metro Queen St -> New World Victoria Park -> New World Birkenhead -> Warehouse,10.0,15699.49,4.360969444444445,True,1190.0,4200.0
307,Saturday,176,Warehouse -> Four Square Britomart -> New World Metro Queen St -> New World Victoria Park -> New World Birkenhead -> Warehouse,12.0,17996.02,4.998894444444445,True,1190.0,4200.0
308,Saturday,177,Warehouse -> New World Birkenhead -> New World Victoria Park -> Four Square Britomart -> New World Metro Queen St -> Four Square Eden Terrace -> Warehouse,14.0,20415.63,5.671008333333334,True,1500.0,4200.0
309,Saturday,178,Warehouse -> Four Square Britomart -> New World Metro Queen St -> New World Victoria Park -> New World Birkenhead -> Four Square Remuera -> Four Square Eden Terrace -> Warehouse,16.0,23783.09,6.606413888888889,True,1810.0,5600.0
310,Saturday,179,Warehouse -> Four Square Eden Terrace -> New World Metro Queen St -> New World Victoria Park -> New World Birkenhead -> Warehouse,12.0,18081.29,5.022580555555556,True,1500.0,4200.0
311,Saturday,180,Warehouse -> New World Birkenhead -> New World Victoria Park -> New World Metro Queen St -> Four Square Remuera -> Four Square Eden Terrace -> Warehouse,14.0,21459.31,5.960919444444444,True,1500.0,4200.0
312,Saturday,181,Warehouse -> New World Birkenhead -> New World Victoria Park -> New World Metro Queen St -> Four Square St Heliers -> Four Square Remuera -> Four Square Eden Terrace -> Warehouse,16.0,24797.65,6.8882361111111114,True,1810.0,5600.0
313,Saturday,182,Warehouse -> New World Birkenhead -> Four Square Britomart -> New World Metro Queen St -> Warehouse,8.0,13503.130000000001,3.7508694444444446,False,825.19,2800.0
314,Saturday,183,Warehouse -> New World Birkenhead -> Four Square Britomart -> New World Metro Queen St -> Four Square Eden Terrace -> Warehouse,10.0,15886.61,4.412947222222223,True,1190.0,4200.0
315,Saturday,184,Warehouse -> New World Birkenhead -> Four Square Britomart -> New World Metro Queen St -> Four Square Remuera -> Four Square Eden Terrace -> Warehouse,12.0,19259.27,5.3497972222222225,True,1500.0,4200.0
316,Saturday,185,Warehouse -> New World Birkenhead -> New World Metro Queen St -> Four Square Britomart -> Four Square St Heliers -> Four Square Remuera -> Four Square Eden Terrace -> Warehouse,14.0,22515.22,6.254227777777778,True,1810.0,5600.0
317,Saturday,186,Warehouse -> New World Birkenhead -> New World Metro Queen St -> Four Square Eden Terrace -> Warehouse,8.0,13600.369999999999,3.7778805555555555,False,831.13,2800.0
318,Saturday,187,Warehouse -> New World Birkenhead -> New World Metro Queen St -> Four Square Remuera -> Four Square Eden Terrace -> Warehouse,10.0,16973.03,4.714730555555556,True,1190.0,4200.0
319,Saturday,188,Warehouse -> New World Birkenhead -> New World Metro Queen St -> Four Square St Heliers -> Four Square Remuera -> Four Square Eden Terrace -> Warehouse,12.0,20311.37,5.642047222222222,True,1500.0,4200.0
320,Saturday,189,Warehouse -> New World Birkenhead -> New World Milford -> Warehouse,9.0,15047.779999999999,4.179938888888889,True,1190.0,4200.0
321,Saturday,190,Warehouse -> New World Birkenhead -> Pak 'n Save Wairau Road -> New World Milford -> Warehouse,15.0,21592.54,5.997927777777778,True,1500.0,4200.0
322,Saturday,191,Warehouse -> New World Birkenhead -> Four Square Lancaster -> New World Milford -> Warehouse,11.0,17624.739999999998,4.895761111111111,True,1190.0,4200.0
323,Saturday,192,Warehouse -> New World Birkenhead -> Four Square Torbay -> New World Milford -> Warehouse,11.0,19459.93,5.405536111111111,True,1500.0,4200.0
324,Saturday,193,Warehouse -> New World Victoria Park -> New World Birkenhead -> Warehouse,8.0,13183.619999999999,3.6621166666666665,False,805.67,2800.0
325,Saturday,194,Warehouse -> Four Square Britomart -> New World Victoria Park -> New World Birkenhead -> Warehouse,10.0,15801.66,4.38935,True,1190.0,4200.0
326,Saturday,195,Warehouse -> New World Birkenhead -> New World Victoria Park -> Four Square Britomart -> Four Square Eden Terrace -> Warehouse,12.0,18255.63,5.071008333333333,True,1500.0,4200.0
327,Saturday,196,Warehouse -> New World Birkenhead -> New World Victoria Park -> Four Square Britomart -> Four Square Remuera -> Four Square Eden Terrace -> Warehouse,14.0,21562.78,5.98966111111111,True,1500.0,4200.0
328,Saturday,197,Warehouse -> New World Birkenhead -> New World Victoria Park -> Four Square Britomart -> Four Square St Heliers -> Four Square Remuera -> Four Square Eden Terrace -> Warehouse,16.0,24778.54,6.882927777777778,True,1810.0,5600.0
329,Saturday,198,Warehouse -> New World Birkenhead -> New World Victoria Park -> Four Square Eden Terrace -> Warehouse,10.0,15678.71,4.355197222222222,True,1190.0,4200.0
330,Saturday,199,Warehouse -> New World Victoria Park -> New World Birkenhead -> Four Square Remuera -> Four Square Eden Terrace -> Warehouse,12.0,18970.69,5.269636111111111,True,1500.0,4200.0
331,Saturday,200,Warehouse -> Four Square Eden Terrace -> New World Victoria Park -> New World Birkenhead -> Four Square Remuera -> Four Square St Heliers -> Warehouse,14.0,22682.879999999997,6.300799999999999,True,1810.0,5600.0
332,Saturday,201,Warehouse -> New World Birkenhead -> Pak 'n Save Wairau Road -> Warehouse,10.0,15764.94,4.37915,True,1190.0,4200.0
333,Saturday,202,Warehouse -> New World Birkenhead -> Four Square Lancaster -> Pak 'n Save Wairau Road -> Warehouse,12.0,18299.21,5.083113888888889,True,1500.0,4200.0
334,Saturday,203,Warehouse -> New World Birkenhead -> Pak 'n Save Wairau Road -> Four Square Torbay -> Warehouse,12.0,20185.690000000002,5.607136111111112,True,1500.0,4200.0
335,Saturday,204,Warehouse -> New World Birkenhead -> Four Square Lancaster -> Warehouse,6.0,11445.15,3.1792083333333334,False,699.43,2800.0
336,Saturday,205,Warehouse -> New World Botany -> Warehouse,4.0,9111.66,2.5310166666666665,False,556.82,2800.0
337,Saturday,206,Warehouse -> New World Howick -> New World Botany -> Warehouse,8.0,13963.88,3.8788555555555555,False,853.35,2800.0
338,Saturday,207,Warehouse -> Pak 'n Save Highland Park -> New World Howick -> New World Botany -> Warehouse,15.0,21578.65,5.9940694444444444,True,1500.0,4200.0
339,Saturday,208,Warehouse -> Pak 'n Save Highland Park -> New World Howick -> Four Square Cockle Bay -> New World Botany -> Warehouse,15.0,21770.88,6.047466666666667,True,1810.0,5600.0
340,Saturday,209,Warehouse -> New World Howick -> New World Botany -> Four Square Botany Junction -> Warehouse,10.0,16155.2,4.487555555555556,True,1190.0,4200.0
341,Saturday,210,Warehouse -> New World Howick -> Four Square Cockle Bay -> New World Botany -> Four Square Botany Junction -> Warehouse,10.0,16347.43,4.540952777777778,True,1190.0,4200.0
342,Saturday,211,Warehouse -> Four Square Pakuranga Heights -> New World Howick -> Four Square Cockle Bay -> New World Botany -> Four Square Botany Junction -> Warehouse,12.0,18741.11,5.205863888888889,True,1500.0,4200.0
343,Saturday,212,Warehouse -> Four Square Pakuranga Heights -> New World Howick -> New World Botany -> Four Square Botany Junction -> Warehouse,12.0,18548.88,5.152466666666667,True,1500.0,4200.0
344,Saturday,213,Warehouse -> New World Howick -> Four Square Cockle Bay -> New World Botany -> Warehouse,8.0,14156.11,3.932252777777778,False,865.1,2800.0
345,Saturday,214,Warehouse -> Four Square Pakuranga Heights -> New World Howick -> Four Square Cockle Bay -> New World Botany -> Warehouse,10.0,16549.79,4.597163888888889,True,1190.0,4200.0
346,Saturday,215,Warehouse -> Four Square Pakuranga Heights -> New World Howick -> New World Botany -> Warehouse,10.0,16357.56,4.5437666666666665,True,1190.0,4200.0
347,Saturday,216,Warehouse -> New World Botany -> New World Ormiston -> Warehouse,8.0,13738.55,3.816263888888889,False,839.58,2800.0
348,Saturday,217,Warehouse -> New World Papatoetoe -> New World Botany -> New World Ormiston -> Warehouse,13.0,19336.05,5.371125,True,1500.0,4200.0
349,Saturday,218,Warehouse -> New World Papatoetoe -> New World Botany -> New World Ormiston -> Four Square Botany Junction -> Warehouse,15.0,21527.370000000003,5.979825000000001,True,1500.0,4200.0
350,Saturday,219,Warehouse -> Four Square Cockle Bay -> New World Botany -> New World Ormiston -> Four Square Botany Junction -> New World Papatoetoe -> Warehouse,15.0,22307.84,6.1966222222222225,True,1810.0,5600.0
351,Saturday,220,Warehouse -> New World Southmall -> New World Botany -> New World Ormiston -> Warehouse,12.0,18740.68,5.205744444444445,True,1500.0,4200.0
352,Saturday,221,Warehouse -> New World Southmall -> New World Botany -> New World Ormiston -> Four Square Botany Junction -> Warehouse,14.0,20932.0,5.814444444444445,True,1500.0,4200.0
353,Saturday,222,Warehouse -> Four Square Cockle Bay -> New World Botany -> New World Ormiston -> Four Square Botany Junction -> New World Southmall -> Warehouse,14.0,21719.510000000002,6.033197222222223,True,1810.0,5600.0
354,Saturday,223,Warehouse -> Four Square Pakuranga Heights -> Four Square Cockle Bay -> New World Botany -> New World Ormiston -> Four Square Botany Junction -> New World Southmall -> Warehouse,16.0,24113.19,6.698108333333333,True,1810.0,5600.0
355,Saturday,224,Warehouse -> Four Square Pakuranga Heights -> New World Botany -> New World Ormiston -> Four Square Botany Junction -> New World Southmall -> Warehouse,16.0,23187.38,6.440938888888889,True,1810.0,5600.0
356,Saturday,225,Warehouse -> Pak 'n Save Manukau -> New World Botany -> New World Ormiston -> Warehouse,15.0,21396.96,5.9436,True,1500.0,4200.0
357,Saturday,226,Warehouse -> New World Botany -> New World Ormiston -> Pak 'n Save Ormiston -> Warehouse,16.0,22519.37,6.255380555555555,True,1810.0,5600.0
358,Saturday,227,Warehouse -> New World Botany -> New World Ormiston -> Four Square Botany Junction -> Warehouse,10.0,15929.869999999999,4.424963888888889,True,1190.0,4200.0
359,Saturday,228,Warehouse -> Four Square Cockle Bay -> New World Botany -> New World Ormiston -> Four Square Botany Junction -> Warehouse,10.0,16606.55,4.612930555555556,True,1190.0,4200.0
360,Saturday,229,Warehouse -> Four Square Pakuranga Heights -> Four Square Cockle Bay -> New World Botany -> New World Ormiston -> Four Square Botany Junction -> Warehouse,12.0,19000.23,5.277841666666666,True,1500.0,4200.0
361,Saturday,230,Warehouse -> Four Square Pakuranga Heights -> New World Botany -> New World Ormiston -> Four Square Botany Junction -> Warehouse,12.0,18074.42,5.020672222222221,True,1500.0,4200.0
362,Saturday,231,Warehouse -> Pak 'n Save Botany -> New World Botany -> Warehouse,13.0,19011.010000000002,5.280836111111111,True,1500.0,4200.0
363,Saturday,232,Warehouse -> Pak 'n Save Botany -> New World Botany -> Four Square Botany Junction -> Warehouse,15.0,21202.33,5.889536111111112,True,1500.0,4200.0
364,Saturday,233,Warehouse -> Four Square Cockle Bay -> Pak 'n Save Botany -> New World Botany -> Four Square Botany Junction -> Warehouse,15.0,21741.52,6.039311111111111,True,1810.0,5600.0
365,Saturday,234,Warehouse -> Four Square Cockle Bay -> Pak 'n Save Botany -> New World Botany -> Warehouse,13.0,19550.2,5.430611111111111,True,1500.0,4200.0
366,Saturday,235,Warehouse -> Four Square Pakuranga Heights -> Four Square Cockle Bay -> Pak 'n Save Botany -> New World Botany -> Warehouse,15.0,21943.88,6.095522222222223,True,1810.0,5600.0
367,Saturday,236,Warehouse -> Four Square Pakuranga Heights -> Pak 'n Save Botany -> New World Botany -> Warehouse,15.0,21089.4,5.858166666666667,True,1500.0,4200.0
368,Saturday,237,Warehouse -> Pak 'n Save Highland Park -> New World Botany -> Warehouse,11.0,16984.92,4.718033333333333,True,1190.0,4200.0
369,Saturday,238,Warehouse -> Pak 'n Save Highland Park -> New World Botany -> Four Square Botany Junction -> Warehouse,13.0,19176.239999999998,5.326733333333332,True,1500.0,4200.0
370,Saturday,239,Warehouse -> Pak 'n Save Highland Park -> Four Square Cockle Bay -> New World Botany -> Four Square Botany Junction -> Warehouse,13.0,19594.43,5.442897222222222,True,1500.0,4200.0
371,Saturday,240,Warehouse -> Four Square Pakuranga Heights -> Pak 'n Save Highland Park -> Four Square Cockle Bay -> New World Botany -> Four Square Botany Junction -> Warehouse,15.0,21988.11,6.107808333333334,True,1810.0,5600.0
372,Saturday,241,Warehouse -> Four Square Pakuranga Heights -> Pak 'n Save Highland Park -> New World Botany -> Four Square Botany Junction -> Warehouse,15.0,21569.92,5.991644444444444,True,1500.0,4200.0
373,Saturday,242,Warehouse -> Pak 'n Save Highland Park -> Four Square Cockle Bay -> New World Botany -> Warehouse,11.0,17403.11,4.8341972222222225,True,1190.0,4200.0
374,Saturday,243,Warehouse -> Four Square Pakuranga Heights -> Pak 'n Save Highland Park -> Four Square Cockle Bay -> New World Botany -> Warehouse,13.0,19796.79,5.499108333333334,True,1500.0,4200.0
375,Saturday,244,Warehouse -> Four Square Pakuranga Heights -> Pak 'n Save Highland Park -> New World Botany -> Warehouse,13.0,19378.6,5.382944444444444,True,1500.0,4200.0
376,Saturday,245,Warehouse -> New World Botany -> Pak 'n Save Ormiston -> Warehouse,12.0,18139.13,5.038647222222223,True,1500.0,4200.0
377,Saturday,246,Warehouse -> New World Botany -> Pak 'n Save Ormiston -> Four Square Botany Junction -> Warehouse,14.0,20330.45,5.647347222222223,True,1500.0,4200.0
378,Saturday,247,Warehouse -> Four Square Cockle Bay -> New World Botany -> Pak 'n Save Ormiston -> Four Square Botany Junction -> Warehouse,14.0,21007.13,5.835313888888889,True,1500.0,4200.0
379,Saturday,248,Warehouse -> Four Square Pakuranga Heights -> Four Square Cockle Bay -> New World Botany -> Pak 'n Save Ormiston -> Four Square Botany Junction -> Warehouse,16.0,23400.809999999998,6.5002249999999995,True,1810.0,5600.0
380,Saturday,249,Warehouse -> Four Square Pakuranga Heights -> New World Botany -> Pak 'n Save Ormiston -> Four Square Botany Junction -> Warehouse,16.0,22475.0,6.243055555555555,True,1810.0,5600.0
381,Saturday,250,Warehouse -> New World Botany -> Four Square Botany Junction -> Warehouse,6.0,11302.98,3.1397166666666667,False,690.74,2800.0
382,Saturday,251,Warehouse -> Four Square Cockle Bay -> New World Botany -> Four Square Botany Junction -> Warehouse,6.0,11979.66,3.3276833333333333,False,732.09,2800.0
383,Saturday,252,Warehouse -> Four Square Pakuranga Heights -> Four Square Cockle Bay -> New World Botany -> Four Square Botany Junction -> Warehouse,8.0,14373.34,3.9925944444444443,False,878.37,2800.0
384,Saturday,253,Warehouse -> Four Square Pakuranga Heights -> New World Botany -> Four Square Botany Junction -> Warehouse,8.0,13447.529999999999,3.7354249999999998,False,821.79,2800.0
385,Saturday,254,Warehouse -> Four Square Cockle Bay -> New World Botany -> Warehouse,4.0,9788.34,2.7189833333333335,False,598.18,2800.0
386,Saturday,255,Warehouse -> Four Square Pakuranga Heights -> Four Square Cockle Bay -> New World Botany -> Warehouse,6.0,12182.02,3.3838944444444445,False,744.46,2800.0
387,Saturday,256,Warehouse -> Four Square Pakuranga Heights -> New World Botany -> Warehouse,6.0,11256.21,3.126725,False,687.88,2800.0
388,Saturday,257,Warehouse -> New World Browns Bay -> Warehouse,4.0,10052.45,2.7923472222222223,False,614.32,2800.0
389,Saturday,258,Warehouse -> New World Long Bay -> New World Browns Bay -> Warehouse,9.0,16263.86,4.517738888888889,True,1190.0,4200.0
390,Saturday,259,Warehouse -> New World Long Bay -> New World Browns Bay -> New World Milford -> Warehouse,14.0,22087.5,6.135416666666667,True,1810.0,5600.0
391,Saturday,260,Warehouse -> New World Long Bay -> Four Square Torbay -> New World Browns Bay -> New World Milford -> Warehouse,16.0,24281.72,6.744922222222223,True,1810.0,5600.0
392,Saturday,261,Warehouse -> New World Long Bay -> New World Browns Bay -> Pak 'n Save Wairau Road -> Warehouse,15.0,22968.11,6.380030555555556,True,1810.0,5600.0
393,Saturday,262,Warehouse -> New World Long Bay -> Four Square Torbay -> New World Browns Bay -> Warehouse,11.0,18458.08,5.127244444444445,True,1500.0,4200.0
394,Saturday,263,Warehouse -> New World Browns Bay -> New World Milford -> Warehouse,9.0,15876.09,4.410025,True,1190.0,4200.0
395,Saturday,264,Warehouse -> New World Browns Bay -> Pak 'n Save Wairau Road -> New World Milford -> Warehouse,15.0,22584.3,6.273416666666667,True,1810.0,5600.0
396,Saturday,265,Warehouse -> Four Square Lancaster -> New World Browns Bay -> New World Milford -> Warehouse,11.0,19097.37,5.304825,True,1500.0,4200.0
397,Saturday,266,Warehouse -> Four Square Torbay -> New World Browns Bay -> New World Milford -> Warehouse,11.0,18716.88,5.199133333333334,True,1500.0,4200.0
398,Saturday,267,Warehouse -> Pak 'n Save Albany -> New World Browns Bay -> Warehouse,12.0,18982.73,5.272980555555556,True,1500.0,4200.0
399,Saturday,268,Warehouse -> Pak 'n Save Albany -> New World Browns Bay -> Four Square Hobsonville -> Warehouse,14.0,21469.97,5.963880555555556,True,1500.0,4200.0
400,Saturday,269,Warehouse -> Four Square Lancaster -> Pak 'n Save Albany -> New World Browns Bay -> Warehouse,14.0,22204.010000000002,6.167780555555556,True,1810.0,5600.0
401,Saturday,270,Warehouse -> Pak 'n Save Albany -> New World Browns Bay -> Four Square Torbay -> Warehouse,14.0,21857.65,6.071569444444445,True,1810.0,5600.0
402,Saturday,271,Warehouse -> New World Browns Bay -> Pak 'n Save Wairau Road -> Warehouse,10.0,16756.7,4.654638888888889,True,1190.0,4200.0
403,Saturday,272,Warehouse -> Four Square Lancaster -> Pak 'n Save Wairau Road -> New World Browns Bay -> Warehouse,12.0,19916.58,5.532383333333334,True,1500.0,4200.0
404,Saturday,273,Warehouse -> Four Square Torbay -> New World Browns Bay -> Pak 'n Save Wairau Road -> Warehouse,12.0,19597.489999999998,5.443747222222222,True,1500.0,4200.0
405,Saturday,274,Warehouse -> Four Square Torbay -> New World Browns Bay -> Warehouse,6.0,12893.24,3.5814555555555554,False,787.92,2800.0
406,Saturday,275,Warehouse -> New World Devonport -> Warehouse,4.0,9828.05,2.7300138888888887,False,600.6,2800.0
407,Saturday,276,Warehouse -> New World Devonport -> New World Metro Shore City -> Warehouse,6.0,12202.41,3.3895583333333335,False,745.7,2800.0
408,Saturday,277,Warehouse -> New World Devonport -> New World Metro Shore City -> New World Metro Queen St -> Warehouse,8.0,14873.529999999999,4.131536111111111,True,1190.0,4200.0
409,Saturday,278,Warehouse -> New World Devonport -> New World Metro Shore City -> New World Metro Queen St -> New World Mt Albert -> Warehouse,13.0,20434.87,5.676352777777778,True,1500.0,4200.0
410,Saturday,279,Warehouse -> New World Mt Roskill -> New World Devonport -> New World Metro Shore City -> New World Metro Queen St -> New World Mt Albert -> Warehouse,16.0,23716.32,6.587866666666667,True,1810.0,5600.0
411,Saturday,280,Warehouse -> New World Devonport -> New World Metro Shore City -> Four Square Britomart -> New World Metro Queen St -> New World Mt Albert -> Warehouse,15.0,22721.11,6.311419444444445,True,1810.0,5600.0
412,Saturday,281,Warehouse -> New World Mt Albert -> Four Square Eden Terrace -> New World Metro Queen St -> New World Devonport -> New World Metro Shore City -> Warehouse,15.0,22746.92,6.318588888888889,True,1810.0,5600.0
413,Saturday,282,Warehouse -> New World Devonport -> New World Metro Shore City -> New World Metro Queen St -> New World Newmarket -> Warehouse,11.0,18658.42,5.182894444444444,True,1500.0,4200.0
414,Saturday,283,Warehouse -> New World Devonport -> New World Metro Shore City -> New World Metro Queen St -> New World Newmarket -> New World Point Chevalier -> Warehouse,16.0,24449.309999999998,6.791474999999999,True,1810.0,5600.0
415,Saturday,284,Warehouse -> New World Devonport -> New World Metro Shore City -> New World Metro Queen St -> New World Remuera -> New World Newmarket -> Warehouse,15.0,23611.93,6.558869444444444,True,1810.0,5600.0
416,Saturday,285,Warehouse -> New World Newmarket -> New World Metro Queen St -> New World Victoria Park -> New World Devonport -> New World Metro Shore City -> Warehouse,15.0,23127.89,6.424413888888889,True,1810.0,5600.0
417,Saturday,286,Warehouse -> New World Devonport -> New World Metro Shore City -> Four Square Britomart -> New World Metro Queen St -> New World Newmarket -> Warehouse,13.0,20944.66,5.817961111111111,True,1500.0,4200.0
418,Saturday,287,Warehouse -> New World Devonport -> New World Metro Shore City -> Four Square Britomart -> New World Metro Queen St -> New World Newmarket -> Four Square Eden Terrace -> Warehouse,15.0,23321.92,6.47831111111111,True,1810.0,5600.0
419,Saturday,288,Warehouse -> New World Devonport -> New World Metro Shore City -> New World Metro Queen St -> New World Newmarket -> Four Square Eden Terrace -> Warehouse,13.0,21035.68,5.843244444444444,True,1500.0,4200.0
420,Saturday,289,Warehouse -> New World Devonport -> New World Metro Shore City -> New World Metro Queen St -> New World Newmarket -> Four Square Remuera -> Four Square Eden Terrace -> Warehouse,15.0,24090.559999999998,6.691822222222221,True,1810.0,5600.0
421,Saturday,290,Warehouse -> New World Devonport -> New World Metro Shore City -> New World Metro Queen St -> New World Newmarket -> Four Square Ellerslie -> Warehouse,13.0,21704.91,6.029141666666667,True,1810.0,5600.0
422,Saturday,291,Warehouse -> New World Devonport -> New World Metro Shore City -> New World Metro Queen St -> New World Newmarket -> Four Square Ellerslie -> Four Square Onehunga -> Warehouse,15.0,23507.51,6.5298638888888885,True,1810.0,5600.0
423,Saturday,292,Warehouse -> New World Devonport -> New World Metro Shore City -> New World Metro Queen St -> New World Newmarket -> Four Square Ellerslie -> Four Square Remuera -> Warehouse,15.0,24081.23,6.689230555555556,True,1810.0,5600.0
424,Saturday,293,Warehouse -> New World Newmarket -> Four Square Ellerslie -> Four Square St Heliers -> New World Metro Queen St -> New World Devonport -> New World Metro Shore City -> Warehouse,15.0,25104.68,6.973522222222222,True,1810.0,5600.0
425,Saturday,294,Warehouse -> Four Square Onehunga -> New World Newmarket -> New World Metro Queen St -> New World Devonport -> New World Metro Shore City -> Warehouse,13.0,21017.63,5.838230555555556,True,1500.0,4200.0
426,Saturday,295,Warehouse -> Four Square Onehunga -> Four Square Remuera -> New World Newmarket -> New World Metro Queen St -> New World Devonport -> New World Metro Shore City -> Warehouse,15.0,23717.62,6.588227777777777,True,1810.0,5600.0
427,Saturday,296,Warehouse -> New World Devonport -> New World Metro Shore City -> New World Metro Queen St -> New World Newmarket -> Four Square Remuera -> Warehouse,13.0,21713.309999999998,6.0314749999999995,True,1810.0,5600.0
428,Saturday,297,Warehouse -> New World Newmarket -> Four Square Remuera -> Four Square St Heliers -> New World Metro Queen St -> New World Devonport -> New World Metro Shore City -> Warehouse,15.0,25052.43,6.959008333333333,True,1810.0,5600.0
429,Saturday,298,Warehouse -> New World Devonport -> New World Metro Shore City -> New World Metro Queen St -> New World Point Chevalier -> Warehouse,13.0,20664.42,5.740116666666666,True,1500.0,4200.0
430,Saturday,299,Warehouse -> New World Devonport -> New World Metro Shore City -> Four Square Britomart -> New World Metro Queen St -> New World Point Chevalier -> Warehouse,15.0,22950.66,6.375183333333333,True,1810.0,5600.0
431,Saturday,300,Warehouse -> New World Devonport -> New World Metro Shore City -> New World Metro Queen St -> Four Square Eden Terrace -> New World Point Chevalier -> Warehouse,15.0,23047.9,6.4021944444444445,True,1810.0,5600.0
432,Saturday,301,Warehouse -> New World Metro Queen St -> New World Victoria Park -> New World Devonport -> New World Metro Shore City -> Warehouse,12.0,19356.13,5.376702777777778,True,1500.0,4200.0
433,Saturday,302,Warehouse -> Four Square Britomart -> New World Metro Queen St -> New World Victoria Park -> New World Devonport -> New World Metro Shore City -> Warehouse,14.0,21652.66,6.014627777777778,True,1810.0,5600.0
434,Saturday,303,Warehouse -> New World Devonport -> New World Metro Shore City -> New World Victoria Park -> Four Square Britomart -> New World Metro Queen St -> Four Square Eden Terrace -> Warehouse,16.0,24072.27,6.686741666666666,True,1810.0,5600.0
435,Saturday,304,Warehouse -> Four Square Eden Terrace -> New World Metro Queen St -> New World Victoria Park -> New World Devonport -> New World Metro Shore City -> Warehouse,14.0,21737.93,6.038313888888889,True,1810.0,5600.0
436,Saturday,305,Warehouse -> New World Devonport -> New World Metro Shore City -> New World Victoria Park -> New World Metro Queen St -> Four Square Remuera -> Four Square Eden Terrace -> Warehouse,16.0,25115.95,6.976652777777778,True,1810.0,5600.0
437,Saturday,306,Warehouse -> New World Devonport -> New World Metro Shore City -> Four Square Britomart -> New World Metro Queen St -> Warehouse,10.0,17159.77,4.766602777777778,True,1190.0,4200.0
438,Saturday,307,Warehouse -> New World Devonport -> New World Metro Shore City -> Four Square Britomart -> New World Metro Queen St -> Four Square Eden Terrace -> Warehouse,12.0,19543.25,5.428680555555555,True,1500.0,4200.0
439,Saturday,308,Warehouse -> New World Devonport -> New World Metro Shore City -> Four Square Britomart -> New World Metro Queen St -> Four Square Remuera -> Four Square Eden Terrace -> Warehouse,14.0,22915.91,6.365530555555556,True,1810.0,5600.0
440,Saturday,309,Warehouse -> New World Devonport -> New World Metro Shore City -> New World Metro Queen St -> Four Square Eden Terrace -> Warehouse,10.0,17257.010000000002,4.793613888888889,True,1190.0,4200.0
441,Saturday,310,Warehouse -> New World Devonport -> New World Metro Shore City -> New World Metro Queen St -> Four Square Remuera -> Four Square Eden Terrace -> Warehouse,12.0,20629.67,5.730463888888888,True,1500.0,4200.0
442,Saturday,311,Warehouse -> New World Devonport -> New World Metro Shore City -> New World Metro Queen St -> Four Square St Heliers -> Four Square Remuera -> Four Square Eden Terrace -> Warehouse,14.0,23968.010000000002,6.657780555555556,True,1810.0,5600.0
443,Saturday,312,Warehouse -> New World Devonport -> New World Metro Shore City -> New World Milford -> Warehouse,11.0,18176.16,5.048933333333333,True,1500.0,4200.0
444,Saturday,313,Warehouse -> Four Square Lancaster -> New World Milford -> New World Metro Shore City -> New World Devonport -> Warehouse,13.0,21507.620000000003,5.97433888888889,True,1500.0,4200.0
445,Saturday,314,Warehouse -> Four Square Torbay -> New World Milford -> New World Metro Shore City -> New World Devonport -> Warehouse,13.0,22562.34,6.267316666666667,True,1810.0,5600.0
446,Saturday,315,Warehouse -> New World Victoria Park -> New World Devonport -> New World Metro Shore City -> Warehouse,10.0,16840.260000000002,4.67785,True,1190.0,4200.0
447,Saturday,316,Warehouse -> Four Square Britomart -> New World Victoria Park -> New World Devonport -> New World Metro Shore City -> Warehouse,12.0,19458.3,5.405083333333333,True,1500.0,4200.0
448,Saturday,317,Warehouse -> New World Devonport -> New World Metro Shore City -> New World Victoria Park -> Four Square Britomart -> Four Square Eden Terrace -> Warehouse,14.0,21912.27,6.086741666666667,True,1810.0,5600.0
449,Saturday,318,Warehouse -> New World Devonport -> New World Metro Shore City -> New World Victoria Park -> Four Square Eden Terrace -> Warehouse,12.0,19335.35,5.370930555555555,True,1500.0,4200.0
450,Saturday,319,Warehouse -> New World Victoria Park -> New World Devonport -> New World Metro Shore City -> Four Square Remuera -> Four Square Eden Terrace -> Warehouse,14.0,22627.33,6.285369444444445,True,1810.0,5600.0
451,Saturday,320,Warehouse -> New World Devonport -> New World Metro Shore City -> Pak 'n Save Wairau Road -> Warehouse,12.0,19321.25,5.367013888888889,True,1500.0,4200.0
452,Saturday,321,Warehouse -> Four Square Lancaster -> Pak 'n Save Wairau Road -> New World Metro Shore City -> New World Devonport -> Warehouse,14.0,22432.03,6.231119444444444,True,1810.0,5600.0
453,Saturday,322,Warehouse -> Four Square Torbay -> Pak 'n Save Wairau Road -> New World Metro Shore City -> New World Devonport -> Warehouse,14.0,23692.89,6.581358333333333,True,1810.0,5600.0
454,Saturday,323,Warehouse -> Four Square Lancaster -> New World Devonport -> New World Metro Shore City -> Warehouse,8.0,15836.49,4.399025,True,1190.0,4200.0
455,Saturday,324,Warehouse -> New World Devonport -> New World Metro Queen St -> Warehouse,6.0,12499.17,3.471991666666667,False,763.84,2800.0
456,Saturday,325,Warehouse -> New World Devonport -> New World Metro Queen St -> New World Mt Albert -> Warehouse,11.0,18060.510000000002,5.0168083333333335,True,1500.0,4200.0
457,Saturday,326,Warehouse -> New World Mt Roskill -> New World Devonport -> New World Metro Queen St -> New World Mt Albert -> Warehouse,14.0,21341.96,5.928322222222222,True,1500.0,4200.0
458,Saturday,327,Warehouse -> New World Mt Roskill -> Four Square Onehunga -> New World Metro Queen St -> New World Devonport -> New World Mt Albert -> Warehouse,16.0,23941.559999999998,6.650433333333333,True,1810.0,5600.0
459,Saturday,328,Warehouse -> New World Devonport -> New World Metro Queen St -> New World Mt Albert -> New World New Lynn -> Warehouse,15.0,23342.489999999998,6.484024999999999,True,1810.0,5600.0
460,Saturday,329,Warehouse -> New World Mt Albert -> New World Point Chevalier -> New World Devonport -> New World Metro Queen St -> Warehouse,16.0,23800.47,6.611241666666667,True,1810.0,5600.0
461,Saturday,330,Warehouse -> New World Metro Queen St -> New World Victoria Park -> New World Devonport -> New World Mt Albert -> Warehouse,15.0,22543.11,6.2619750000000005,True,1810.0,5600.0
462,Saturday,331,Warehouse -> New World Devonport -> Four Square Britomart -> New World Metro Queen St -> New World Mt Albert -> Warehouse,13.0,20346.75,5.651875,True,1500.0,4200.0
463,Saturday,332,Warehouse -> New World Mt Albert -> Four Square Eden Terrace -> New World Metro Queen St -> Four Square Britomart -> New World Devonport -> Warehouse,15.0,22659.72,6.294366666666667,True,1810.0,5600.0
464,Saturday,333,Warehouse -> New World Mt Albert -> Four Square Eden Terrace -> New World Metro Queen St -> New World Devonport -> Warehouse,13.0,20372.559999999998,5.659044444444444,True,1500.0,4200.0
465,Saturday,334,Warehouse -> New World Mt Albert -> Four Square Eden Terrace -> New World Metro Queen St -> New World Devonport -> Four Square Remuera -> Warehouse,15.0,23782.379999999997,6.606216666666666,True,1810.0,5600.0
466,Saturday,335,Warehouse -> New World Devonport -> New World Metro Queen St -> New World Newmarket -> Warehouse,9.0,16284.06,4.52335,True,1190.0,4200.0
467,Saturday,336,Warehouse -> New World Devonport -> New World Metro Queen St -> New World Newmarket -> New World Point Chevalier -> Warehouse,14.0,22074.95,6.131930555555556,True,1810.0,5600.0
468,Saturday,337,Warehouse -> New World Devonport -> Four Square Britomart -> New World Metro Queen St -> New World Newmarket -> New World Point Chevalier -> Warehouse,16.0,24361.19,6.766997222222222,True,1810.0,5600.0
469,Saturday,338,Warehouse -> New World Devonport -> New World Metro Queen St -> New World Newmarket -> Four Square Eden Terrace -> New World Point Chevalier -> Warehouse,16.0,24452.21,6.792280555555555,True,1810.0,5600.0
470,Saturday,339,Warehouse -> New World Devonport -> New World Metro Queen St -> New World Remuera -> New World Newmarket -> Warehouse,13.0,21237.57,5.899325,True,1500.0,4200.0
471,Saturday,340,Warehouse -> New World Devonport -> New World Metro Queen St -> New World Remuera -> New World Newmarket -> Four Square Eden Terrace -> Warehouse,15.0,23614.83,6.559675,True,1810.0,5600.0
472,Saturday,341,Warehouse -> New World Devonport -> New World Metro Queen St -> Four Square Ellerslie -> New World Remuera -> New World Newmarket -> Warehouse,15.0,23885.88,6.634966666666667,True,1810.0,5600.0
473,Saturday,342,Warehouse -> Four Square Onehunga -> New World Remuera -> New World Newmarket -> New World Metro Queen St -> New World Devonport -> Warehouse,15.0,23263.010000000002,6.461947222222223,True,1810.0,5600.0
474,Saturday,343,Warehouse -> New World Devonport -> New World Metro Queen St -> New World Newmarket -> New World Remuera -> Four Square Remuera -> Warehouse,15.0,23718.16,6.588377777777778,True,1810.0,5600.0
475,Saturday,344,Warehouse -> New World Newmarket -> New World Remuera -> Four Square St Heliers -> New World Metro Queen St -> New World Devonport -> Warehouse,15.0,24855.78,6.904383333333333,True,1810.0,5600.0
476,Saturday,345,Warehouse -> New World Newmarket -> New World Metro Queen St -> New World Victoria Park -> New World Devonport -> Warehouse,13.0,20753.53,5.764869444444444,True,1500.0,4200.0
477,Saturday,346,Warehouse -> New World Newmarket -> Four Square Britomart -> New World Metro Queen St -> New World Victoria Park -> New World Devonport -> Warehouse,15.0,23089.940000000002,6.413872222222223,True,1810.0,5600.0
478,Saturday,347,Warehouse -> New World Devonport -> New World Victoria Park -> New World Metro Queen St -> New World Newmarket -> Four Square Eden Terrace -> Warehouse,15.0,23147.6,6.429888888888889,True,1810.0,5600.0
479,Saturday,348,Warehouse -> New World Devonport -> Four Square Britomart -> New World Metro Queen St -> New World Newmarket -> Warehouse,11.0,18570.3,5.158416666666667,True,1500.0,4200.0
480,Saturday,349,Warehouse -> New World Devonport -> Four Square Britomart -> New World Metro Queen St -> New World Newmarket -> Four Square Eden Terrace -> Warehouse,13.0,20947.559999999998,5.818766666666666,True,1500.0,4200.0
481,Saturday,350,Warehouse -> New World Devonport -> Four Square Britomart -> New World Metro Queen St -> New World Newmarket -> Four Square Remuera -> Four Square Eden Terrace -> Warehouse,15.0,24002.44,6.667344444444444,True,1810.0,5600.0
482,Saturday,351,Warehouse -> New World Devonport -> New World Metro Queen St -> New World Newmarket -> Four Square Eden Terrace -> Warehouse,11.0,18661.32,5.1837,True,1500.0,4200.0
483,Saturday,352,Warehouse -> New World Devonport -> New World Metro Queen St -> New World Newmarket -> Four Square Remuera -> Four Square Eden Terrace -> Warehouse,13.0,21716.2,6.032277777777778,True,1810.0,5600.0
484,Saturday,353,Warehouse -> New World Devonport -> New World Metro Queen St -> Four Square St Heliers -> Four Square Remuera -> New World Newmarket -> Four Square Eden Terrace -> Warehouse,15.0,25101.18,6.97255,True,1810.0,5600.0
485,Saturday,354,Warehouse -> New World Devonport -> New World Metro Queen St -> New World Newmarket -> Four Square Ellerslie -> Warehouse,11.0,19330.55,5.369597222222222,True,1500.0,4200.0
486,Saturday,355,Warehouse -> New World Devonport -> New World Metro Queen St -> New World Newmarket -> Four Square Ellerslie -> Four Square Onehunga -> Warehouse,13.0,21133.15,5.870319444444445,True,1500.0,4200.0
487,Saturday,356,Warehouse -> Four Square Onehunga -> Four Square Ellerslie -> Four Square Remuera -> New World Newmarket -> New World Metro Queen St -> New World Devonport -> Warehouse,15.0,23612.68,6.559077777777778,True,1810.0,5600.0
488,Saturday,357,Warehouse -> New World Devonport -> New World Metro Queen St -> New World Newmarket -> Four Square Ellerslie -> Four Square Remuera -> Warehouse,13.0,21706.87,6.02968611111111,True,1810.0,5600.0
489,Saturday,358,Warehouse -> New World Newmarket -> Four Square Ellerslie -> Four Square Remuera -> Four Square St Heliers -> New World Metro Queen St -> New World Devonport -> Warehouse,15.0,25045.989999999998,6.957219444444444,True,1810.0,5600.0
490,Saturday,359,Warehouse -> New World Newmarket -> Four Square Ellerslie -> Four Square St Heliers -> New World Metro Queen St -> New World Devonport -> Warehouse,13.0,22730.32,6.313977777777778,True,1810.0,5600.0
491,Saturday,360,Warehouse -> Four Square Onehunga -> New World Newmarket -> New World Metro Queen St -> New World Devonport -> Warehouse,11.0,18643.27,5.178686111111111,True,1500.0,4200.0
492,Saturday,361,Warehouse -> Four Square Onehunga -> Four Square Remuera -> New World Newmarket -> New World Metro Queen St -> New World Devonport -> Warehouse,13.0,21343.260000000002,5.928683333333334,True,1500.0,4200.0
493,Saturday,362,Warehouse -> Four Square Onehunga -> Four Square Remuera -> Four Square St Heliers -> New World Newmarket -> New World Metro Queen St -> New World Devonport -> Warehouse,15.0,24954.050000000003,6.931680555555556,True,1810.0,5600.0
494,Saturday,363,Warehouse -> New World Devonport -> New World Metro Queen St -> New World Newmarket -> Four Square Remuera -> Warehouse,11.0,19338.95,5.371930555555556,True,1500.0,4200.0
495,Saturday,364,Warehouse -> New World Newmarket -> Four Square Remuera -> Four Square St Heliers -> New World Metro Queen St -> New World Devonport -> Warehouse,13.0,22678.07,6.299463888888889,True,1810.0,5600.0
496,Saturday,365,Warehouse -> New World Devonport -> New World Metro Queen St -> New World Point Chevalier -> Warehouse,11.0,18290.06,5.080572222222223,True,1500.0,4200.0
497,Saturday,366,Warehouse -> New World Metro Queen St -> New World Victoria Park -> New World Devonport -> New World Point Chevalier -> Warehouse,15.0,22772.65,6.3257361111111114,True,1810.0,5600.0
498,Saturday,367,Warehouse -> New World Devonport -> Four Square Britomart -> New World Metro Queen St -> New World Point Chevalier -> Warehouse,13.0,20576.3,5.715638888888889,True,1500.0,4200.0
499,Saturday,368,Warehouse -> New World Devonport -> Four Square Britomart -> New World Metro Queen St -> Four Square Eden Terrace -> New World Point Chevalier -> Warehouse,15.0,22959.78,6.377716666666666,True,1810.0,5600.0
500,Saturday,369,Warehouse -> New World Devonport -> New World Metro Queen St -> Four Square Eden Terrace -> New World Point Chevalier -> Warehouse,13.0,20673.54,5.74265,True,1500.0,4200.0
501,Saturday,370,Warehouse -> New World Devonport -> New World Metro Queen St -> Four Square Remuera -> Four Square Eden Terrace -> New World Point Chevalier -> Warehouse,15.0,24046.2,6.6795,True,1810.0,5600.0
502,Saturday,371,Warehouse -> New World Metro Queen St -> New World Victoria Park -> New World Devonport -> Warehouse,10.0,16981.77,4.717158333333334,True,1190.0,4200.0
503,Saturday,372,Warehouse -> Four Square Britomart -> New World Metro Queen St -> New World Victoria Park -> New World Devonport -> Warehouse,12.0,19278.3,5.355083333333333,True,1500.0,4200.0
504,Saturday,373,Warehouse -> New World Devonport -> New World Victoria Park -> Four Square Britomart -> New World Metro Queen St -> Four Square Eden Terrace -> Warehouse,14.0,21697.91,6.027197222222222,True,1810.0,5600.0
505,Saturday,374,Warehouse -> Four Square Britomart -> New World Metro Queen St -> New World Victoria Park -> New World Devonport -> Four Square Remuera -> Four Square Eden Terrace -> Warehouse,16.0,25065.37,6.962602777777778,True,1810.0,5600.0
506,Saturday,375,Warehouse -> Four Square Eden Terrace -> New World Metro Queen St -> New World Victoria Park -> New World Devonport -> Warehouse,12.0,19363.57,5.378769444444444,True,1500.0,4200.0
507,Saturday,376,Warehouse -> New World Devonport -> New World Victoria Park -> New World Metro Queen St -> Four Square Remuera -> Four Square Eden Terrace -> Warehouse,14.0,22741.59,6.3171083333333335,True,1810.0,5600.0
508,Saturday,377,Warehouse -> New World Devonport -> Four Square Britomart -> New World Metro Queen St -> Warehouse,8.0,14785.41,4.107058333333334,True,1190.0,4200.0
509,Saturday,378,Warehouse -> New World Devonport -> Four Square Britomart -> New World Metro Queen St -> Four Square Eden Terrace -> Warehouse,10.0,17168.89,4.769136111111111,True,1190.0,4200.0
510,Saturday,379,Warehouse -> New World Devonport -> Four Square Britomart -> New World Metro Queen St -> Four Square Remuera -> Four Square Eden Terrace -> Warehouse,12.0,20541.55,5.705986111111111,True,1500.0,4200.0
511,Saturday,380,Warehouse -> New World Devonport -> New World Metro Queen St -> Four Square Britomart -> Four Square St Heliers -> Four Square Remuera -> Four Square Eden Terrace -> Warehouse,14.0,23797.5,6.610416666666667,True,1810.0,5600.0
512,Saturday,381,Warehouse -> New World Devonport -> New World Metro Queen St -> Four Square Eden Terrace -> Warehouse,8.0,14882.650000000001,4.134069444444445,True,1190.0,4200.0
513,Saturday,382,Warehouse -> New World Devonport -> New World Metro Queen St -> Four Square Remuera -> Four Square Eden Terrace -> Warehouse,10.0,18255.31,5.070919444444445,True,1500.0,4200.0
514,Saturday,383,Warehouse -> New World Devonport -> New World Metro Queen St -> Four Square St Heliers -> Four Square Remuera -> Four Square Eden Terrace -> Warehouse,12.0,21593.65,5.998236111111112,True,1500.0,4200.0
515,Saturday,384,Warehouse -> New World Devonport -> New World Milford -> Warehouse,9.0,15955.41,4.432058333333333,True,1190.0,4200.0
516,Saturday,385,Warehouse -> Pak 'n Save Wairau Road -> New World Milford -> New World Devonport -> Warehouse,15.0,22676.07,6.298908333333333,True,1810.0,5600.0
517,Saturday,386,Warehouse -> Four Square Lancaster -> New World Milford -> New World Devonport -> Warehouse,11.0,19272.95,5.353597222222223,True,1500.0,4200.0
518,Saturday,387,Warehouse -> Four Square Torbay -> New World Milford -> New World Devonport -> Warehouse,11.0,20327.67,5.6465749999999995,True,1500.0,4200.0
519,Saturday,388,Warehouse -> New World Victoria Park -> New World Devonport -> Warehouse,8.0,14465.9,4.018305555555555,True,1190.0,4200.0
520,Saturday,389,Warehouse -> Four Square Britomart -> New World Victoria Park -> New World Devonport -> Warehouse,10.0,17083.940000000002,4.745538888888889,True,1190.0,4200.0
521,Saturday,390,Warehouse -> New World Devonport -> New World Victoria Park -> Four Square Britomart -> Four Square Eden Terrace -> Warehouse,12.0,19537.91,5.4271972222222225,True,1500.0,4200.0
522,Saturday,391,Warehouse -> New World Devonport -> New World Victoria Park -> Four Square Britomart -> Four Square Remuera -> Four Square Eden Terrace -> Warehouse,14.0,22845.06,6.34585,True,1810.0,5600.0
523,Saturday,392,Warehouse -> New World Devonport -> New World Victoria Park -> Four Square Eden Terrace -> Warehouse,10.0,16960.989999999998,4.711386111111111,True,1190.0,4200.0
524,Saturday,393,Warehouse -> New World Victoria Park -> New World Devonport -> Four Square Remuera -> Four Square Eden Terrace -> Warehouse,12.0,20252.97,5.625825000000001,True,1500.0,4200.0
525,Saturday,394,Warehouse -> Four Square Eden Terrace -> New World Victoria Park -> New World Devonport -> Four Square Remuera -> Four Square St Heliers -> Warehouse,14.0,23965.16,6.656988888888889,True,1810.0,5600.0
526,Saturday,395,Warehouse -> Pak 'n Save Wairau Road -> New World Devonport -> Warehouse,10.0,17128.91,4.758030555555555,True,1190.0,4200.0
527,Saturday,396,Warehouse -> Four Square Lancaster -> Pak 'n Save Wairau Road -> New World Devonport -> Warehouse,12.0,20227.86,5.61885,True,1500.0,4200.0
528,Saturday,397,Warehouse -> Pak 'n Save Wairau Road -> Four Square Torbay -> New World Devonport -> Warehouse,12.0,21370.239999999998,5.936177777777777,True,1500.0,4200.0
529,Saturday,398,Warehouse -> New World Eastridge -> Warehouse,4.0,8475.46,2.3542944444444442,False,517.94,2800.0
530,Saturday,399,Warehouse -> New World Newmarket -> New World Eastridge -> Warehouse,7.0,11774.119999999999,3.2705888888888888,False,719.53,2800.0
531,Saturday,400,Warehouse -> New World Newmarket -> New World Eastridge -> New World Point Chevalier -> Warehouse,12.0,17565.01,4.879169444444444,True,1190.0,4200.0
532,Saturday,401,Warehouse -> New World Newmarket -> New World Eastridge -> New World Victoria Park -> New World Point Chevalier -> Warehouse,16.0,22729.79,6.313830555555556,True,1810.0,5600.0
533,Saturday,402,Warehouse -> New World Newmarket -> New World Eastridge -> Four Square Britomart -> New World Point Chevalier -> Warehouse,14.0,20094.63,5.581841666666667,True,1500.0,4200.0
534,Saturday,403,Warehouse -> Four Square Eden Terrace -> New World Newmarket -> New World Eastridge -> Four Square Britomart -> New World Point Chevalier -> Warehouse,16.0,22526.67,6.257408333333333,True,1810.0,5600.0
535,Saturday,404,Warehouse -> Four Square Eden Terrace -> New World Newmarket -> New World Eastridge -> New World Point Chevalier -> Warehouse,14.0,19997.05,5.554736111111111,True,1500.0,4200.0
536,Saturday,405,Warehouse -> New World Newmarket -> New World Eastridge -> Four Square Remuera -> Four Square Eden Terrace -> New World Point Chevalier -> Warehouse,16.0,22340.07,6.205575,True,1810.0,5600.0
537,Saturday,406,Warehouse -> New World Newmarket -> New World Remuera -> New World Eastridge -> Warehouse,11.0,16334.23,4.537286111111111,True,1190.0,4200.0
538,Saturday,407,Warehouse -> New World Newmarket -> New World Remuera -> New World Stonefields -> New World Eastridge -> Warehouse,15.0,21292.64,5.9146222222222224,True,1500.0,4200.0
539,Saturday,408,Warehouse -> New World Remuera -> New World Eastridge -> New World Newmarket -> Four Square Eden Terrace -> Warehouse,13.0,18745.02,5.20695,True,1500.0,4200.0
540,Saturday,409,Warehouse -> New World Remuera -> Four Square Remuera -> New World Eastridge -> New World Newmarket -> Four Square Eden Terrace -> Warehouse,15.0,21056.37,5.848991666666667,True,1500.0,4200.0
541,Saturday,410,Warehouse -> Four Square Ellerslie -> New World Remuera -> New World Eastridge -> New World Newmarket -> Warehouse,13.0,19016.07,5.282241666666667,True,1500.0,4200.0
542,Saturday,411,Warehouse -> Four Square Onehunga -> Four Square Ellerslie -> New World Remuera -> New World Eastridge -> New World Newmarket -> Warehouse,15.0,20859.98,5.794438888888889,True,1500.0,4200.0
543,Saturday,412,Warehouse -> Four Square Ellerslie -> Four Square Remuera -> New World Eastridge -> New World Remuera -> New World Newmarket -> Warehouse,15.0,21179.59,5.883219444444444,True,1500.0,4200.0
544,Saturday,413,Warehouse -> Four Square Ellerslie -> Four Square St Heliers -> New World Eastridge -> New World Remuera -> New World Newmarket -> Warehouse,15.0,21721.17,6.0336583333333325,True,1810.0,5600.0
545,Saturday,414,Warehouse -> Four Square Onehunga -> New World Remuera -> New World Eastridge -> New World Newmarket -> Warehouse,13.0,18377.93,5.104980555555556,True,1500.0,4200.0
546,Saturday,415,Warehouse -> Four Square Onehunga -> New World Remuera -> Four Square Remuera -> New World Eastridge -> New World Newmarket -> Warehouse,15.0,20689.28,5.747022222222222,True,1500.0,4200.0
547,Saturday,416,Warehouse -> New World Newmarket -> New World Remuera -> Four Square Remuera -> New World Eastridge -> Warehouse,13.0,18645.58,5.179327777777778,True,1500.0,4200.0
548,Saturday,417,Warehouse -> New World Newmarket -> New World Remuera -> Four Square Remuera -> Four Square St Heliers -> New World Eastridge -> Warehouse,15.0,21502.83,5.9730083333333335,True,1500.0,4200.0
549,Saturday,418,Warehouse -> New World Newmarket -> New World Remuera -> New World Eastridge -> Four Square St Heliers -> Warehouse,13.0,19300.27,5.361186111111111,True,1500.0,4200.0
550,Saturday,419,Warehouse -> New World Newmarket -> New World Eastridge -> New World Victoria Park -> Warehouse,11.0,16938.9,4.70525,True,1190.0,4200.0
551,Saturday,420,Warehouse -> New World Newmarket -> New World Eastridge -> Four Square Britomart -> New World Victoria Park -> Warehouse,13.0,18948.739999999998,5.263538888888888,True,1500.0,4200.0
552,Saturday,421,Warehouse -> New World Victoria Park -> Four Square Britomart -> New World Eastridge -> New World Newmarket -> Four Square Eden Terrace -> Warehouse,15.0,21374.18,5.937272222222222,True,1500.0,4200.0
553,Saturday,422,Warehouse -> New World Victoria Park -> Four Square Eden Terrace -> New World Newmarket -> New World Eastridge -> Warehouse,13.0,19256.37,5.348991666666667,True,1500.0,4200.0
554,Saturday,423,Warehouse -> New World Newmarket -> New World Eastridge -> Four Square Remuera -> Four Square Eden Terrace -> New World Victoria Park -> Warehouse,15.0,21633.22,6.009227777777778,True,1810.0,5600.0
555,Saturday,424,Warehouse -> Pak 'n Save Royal Oak -> New World Eastridge -> New World Newmarket -> Warehouse,15.0,20413.14,5.6703166666666664,True,1500.0,4200.0
556,Saturday,425,Warehouse -> New World Newmarket -> New World Eastridge -> Four Square Britomart -> Warehouse,9.0,14303.74,3.973261111111111,False,874.12,2800.0
557,Saturday,426,Warehouse -> Four Square Eden Terrace -> New World Newmarket -> New World Eastridge -> Four Square Britomart -> Warehouse,11.0,16735.78,4.648827777777777,True,1190.0,4200.0
558,Saturday,427,Warehouse -> Four Square Britomart -> New World Eastridge -> Four Square Remuera -> New World Newmarket -> Four Square Eden Terrace -> Warehouse,13.0,19200.6,5.3335,True,1500.0,4200.0
559,Saturday,428,Warehouse -> Four Square Britomart -> Four Square St Heliers -> New World Eastridge -> Four Square Remuera -> New World Newmarket -> Four Square Eden Terrace -> Warehouse,15.0,22073.14,6.131427777777778,True,1810.0,5600.0
560,Saturday,429,Warehouse -> Four Square Eden Terrace -> New World Newmarket -> New World Eastridge -> Warehouse,9.0,14206.16,3.9461555555555554,False,868.15,2800.0
561,Saturday,430,Warehouse -> New World Newmarket -> New World Eastridge -> Four Square Remuera -> Four Square Eden Terrace -> Warehouse,11.0,16549.18,4.596994444444444,True,1190.0,4200.0
562,Saturday,431,Warehouse -> Four Square Remuera -> Four Square St Heliers -> New World Eastridge -> New World Newmarket -> Four Square Eden Terrace -> Warehouse,13.0,19492.59,5.414608333333334,True,1500.0,4200.0
563,Saturday,432,Warehouse -> Four Square Ellerslie -> New World Eastridge -> New World Newmarket -> Warehouse,9.0,14466.0,4.0183333333333335,True,1190.0,4200.0
564,Saturday,433,Warehouse -> Four Square Onehunga -> Four Square Ellerslie -> New World Eastridge -> New World Newmarket -> Warehouse,11.0,16309.91,4.530530555555556,True,1190.0,4200.0
565,Saturday,434,Warehouse -> Four Square Onehunga -> Four Square Ellerslie -> Four Square Remuera -> New World Eastridge -> New World Newmarket -> Warehouse,13.0,18469.91,5.130530555555556,True,1500.0,4200.0
566,Saturday,435,Warehouse -> Four Square Onehunga -> Four Square Ellerslie -> Four Square Remuera -> Four Square St Heliers -> New World Eastridge -> New World Newmarket -> Warehouse,15.0,21327.16,5.924211111111111,True,1500.0,4200.0
567,Saturday,436,Warehouse -> Four Square Ellerslie -> Four Square Remuera -> New World Eastridge -> New World Newmarket -> Warehouse,11.0,16626.0,4.618333333333333,True,1190.0,4200.0
568,Saturday,437,Warehouse -> Four Square Ellerslie -> Four Square Remuera -> Four Square St Heliers -> New World Eastridge -> New World Newmarket -> Warehouse,13.0,19483.25,5.412013888888889,True,1500.0,4200.0
569,Saturday,438,Warehouse -> Four Square Ellerslie -> Four Square St Heliers -> New World Eastridge -> New World Newmarket -> Warehouse,11.0,17167.58,4.768772222222223,True,1190.0,4200.0
570,Saturday,439,Warehouse -> Four Square Onehunga -> New World Eastridge -> New World Newmarket -> Warehouse,9.0,13906.25,3.8628472222222223,False,849.83,2800.0
571,Saturday,440,Warehouse -> Four Square Onehunga -> Four Square Remuera -> New World Eastridge -> New World Newmarket -> Warehouse,11.0,16200.49,4.500136111111111,True,1190.0,4200.0
572,Saturday,441,Warehouse -> Four Square Onehunga -> Four Square Remuera -> Four Square St Heliers -> New World Eastridge -> New World Newmarket -> Warehouse,13.0,19057.739999999998,5.293816666666666,True,1500.0,4200.0
573,Saturday,442,Warehouse -> New World Newmarket -> New World Eastridge -> Four Square Remuera -> Warehouse,9.0,14171.93,3.936647222222222,False,866.06,2800.0
574,Saturday,443,Warehouse -> Four Square Remuera -> Four Square St Heliers -> New World Eastridge -> New World Newmarket -> Warehouse,11.0,17115.33,4.7542583333333335,True,1190.0,4200.0
575,Saturday,444,Warehouse -> New World Remuera -> New World Eastridge -> Warehouse,8.0,12915.15,3.5875416666666666,False,789.26,2800.0
576,Saturday,445,Warehouse -> New World Remuera -> New World Stonefields -> New World Eastridge -> Warehouse,12.0,17873.559999999998,4.964877777777777,True,1190.0,4200.0
577,Saturday,446,Warehouse -> Four Square Ellerslie -> New World Stonefields -> New World Eastridge -> New World Remuera -> Warehouse,14.0,20248.98,5.624716666666666,True,1500.0,4200.0
578,Saturday,447,Warehouse -> Four Square Onehunga -> Four Square Ellerslie -> New World Stonefields -> New World Eastridge -> New World Remuera -> Warehouse,16.0,22092.89,6.136913888888889,True,1810.0,5600.0
579,Saturday,448,Warehouse -> Four Square Ellerslie -> New World Stonefields -> New World Eastridge -> Four Square Remuera -> New World Remuera -> Warehouse,16.0,22548.35,6.263430555555555,True,1810.0,5600.0
580,Saturday,449,Warehouse -> Four Square Ellerslie -> New World Stonefields -> Four Square St Heliers -> New World Eastridge -> New World Remuera -> Warehouse,16.0,22870.36,6.352877777777778,True,1810.0,5600.0
581,Saturday,450,Warehouse -> New World Remuera -> Four Square Remuera -> New World Stonefields -> New World Eastridge -> Warehouse,14.0,20110.02,5.586116666666666,True,1500.0,4200.0
582,Saturday,451,Warehouse -> New World Remuera -> Four Square Remuera -> New World Stonefields -> Four Square St Heliers -> New World Eastridge -> Warehouse,16.0,22731.4,6.314277777777778,True,1810.0,5600.0
583,Saturday,452,Warehouse -> New World Remuera -> New World Stonefields -> Four Square St Heliers -> New World Eastridge -> Warehouse,14.0,20494.940000000002,5.693038888888889,True,1500.0,4200.0
584,Saturday,453,Warehouse -> Pak 'n Save Royal Oak -> New World Remuera -> New World Eastridge -> Warehouse,16.0,21432.2,5.953388888888889,True,1500.0,4200.0
585,Saturday,454,Warehouse -> Four Square Eden Terrace -> New World Remuera -> New World Eastridge -> Warehouse,10.0,15347.19,4.263108333333333,True,1190.0,4200.0
586,Saturday,455,Warehouse -> Four Square Eden Terrace -> New World Remuera -> Four Square Remuera -> New World Eastridge -> Warehouse,12.0,17658.54,4.90515,True,1190.0,4200.0
587,Saturday,456,Warehouse -> Four Square Eden Terrace -> New World Remuera -> Four Square Remuera -> Four Square St Heliers -> New World Eastridge -> Warehouse,14.0,20515.79,5.698830555555555,True,1500.0,4200.0
588,Saturday,457,Warehouse -> Four Square Ellerslie -> New World Remuera -> New World Eastridge -> Warehouse,10.0,15563.46,4.323183333333333,True,1190.0,4200.0
589,Saturday,458,Warehouse -> Four Square Onehunga -> Four Square Ellerslie -> New World Remuera -> New World Eastridge -> Warehouse,12.0,17407.370000000003,4.835380555555556,True,1190.0,4200.0
590,Saturday,459,Warehouse -> New World Remuera -> New World Eastridge -> Four Square Remuera -> Four Square Ellerslie -> Four Square Onehunga -> Warehouse,14.0,19642.38,5.456216666666667,True,1500.0,4200.0
591,Saturday,460,Warehouse -> Four Square Onehunga -> Four Square Ellerslie -> Four Square St Heliers -> New World Eastridge -> Four Square Remuera -> New World Remuera -> Warehouse,16.0,22486.47,6.246241666666667,True,1810.0,5600.0
592,Saturday,461,Warehouse -> Four Square Ellerslie -> Four Square Remuera -> New World Eastridge -> New World Remuera -> Warehouse,12.0,17801.61,4.944891666666667,True,1190.0,4200.0
593,Saturday,462,Warehouse -> Four Square Ellerslie -> Four Square St Heliers -> New World Eastridge -> Four Square Remuera -> New World Remuera -> Warehouse,14.0,20642.559999999998,5.734044444444444,True,1500.0,4200.0
594,Saturday,463,Warehouse -> Four Square Ellerslie -> Four Square St Heliers -> New World Eastridge -> New World Remuera -> Warehouse,12.0,18343.19,5.095330555555555,True,1500.0,4200.0
595,Saturday,464,Warehouse -> Four Square Onehunga -> New World Remuera -> New World Eastridge -> Warehouse,10.0,14925.32,4.1459222222222225,True,1190.0,4200.0
596,Saturday,465,Warehouse -> Four Square Onehunga -> New World Remuera -> Four Square Remuera -> New World Eastridge -> Warehouse,12.0,17236.67,4.787963888888888,True,1190.0,4200.0
597,Saturday,466,Warehouse -> Four Square Onehunga -> New World Remuera -> Four Square Remuera -> Four Square St Heliers -> New World Eastridge -> Warehouse,14.0,20093.92,5.581644444444444,True,1500.0,4200.0
598,Saturday,467,Warehouse -> New World Remuera -> Four Square Remuera -> New World Eastridge -> Warehouse,10.0,15226.5,4.229583333333333,True,1190.0,4200.0
599,Saturday,468,Warehouse -> New World Remuera -> Four Square Remuera -> Four Square St Heliers -> New World Eastridge -> Warehouse,12.0,18083.75,5.023263888888889,True,1500.0,4200.0
600,Saturday,469,Warehouse -> New World Remuera -> New World Eastridge -> Four Square St Heliers -> Warehouse,10.0,15881.19,4.411441666666667,True,1190.0,4200.0
601,Saturday,470,Warehouse -> New World Stonefields -> New World Eastridge -> Warehouse,8.0,13373.24,3.7147888888888887,False,817.25,2800.0
602,Saturday,471,Warehouse -> New World Stonefields -> Pak 'n Save Glen Innes -> New World Eastridge -> Warehouse,16.0,22401.510000000002,6.222641666666667,True,1810.0,5600.0
603,Saturday,472,Warehouse -> Pak 'n Save Sylvia Park -> New World Stonefields -> New World Eastridge -> Warehouse,16.0,22553.89,6.264969444444445,True,1810.0,5600.0
604,Saturday,473,Warehouse -> Four Square Ellerslie -> New World Stonefields -> New World Eastridge -> Warehouse,10.0,15620.76,4.3391,True,1190.0,4200.0
605,Saturday,474,Warehouse -> Four Square Onehunga -> Four Square Ellerslie -> New World Stonefields -> New World Eastridge -> Warehouse,12.0,17464.67,4.851297222222222,True,1190.0,4200.0
606,Saturday,475,Warehouse -> Four Square Onehunga -> Four Square Ellerslie -> New World Stonefields -> New World Eastridge -> Four Square Remuera -> Warehouse,14.0,19862.48,5.517355555555556,True,1500.0,4200.0
607,Saturday,476,Warehouse -> Four Square Onehunga -> Four Square Ellerslie -> New World Stonefields -> Four Square St Heliers -> New World Eastridge -> Four Square Remuera -> Warehouse,16.0,22483.86,6.245516666666667,True,1810.0,5600.0
608,Saturday,477,Warehouse -> Four Square Ellerslie -> New World Stonefields -> New World Eastridge -> Four Square Remuera -> Warehouse,12.0,18018.57,5.005158333333333,True,1500.0,4200.0
609,Saturday,478,Warehouse -> Four Square Ellerslie -> New World Stonefields -> Four Square St Heliers -> New World Eastridge -> Four Square Remuera -> Warehouse,14.0,20639.95,5.733319444444445,True,1500.0,4200.0
610,Saturday,479,Warehouse -> Four Square Ellerslie -> New World Stonefields -> Four Square St Heliers -> New World Eastridge -> Warehouse,12.0,18242.14,5.067261111111111,True,1500.0,4200.0
611,Saturday,480,Warehouse -> Four Square Remuera -> New World Stonefields -> New World Eastridge -> Warehouse,10.0,15688.99,4.358052777777778,True,1190.0,4200.0
612,Saturday,481,Warehouse -> Four Square Remuera -> New World Stonefields -> Four Square St Heliers -> New World Eastridge -> Warehouse,12.0,18310.370000000003,5.0862138888888895,True,1500.0,4200.0
613,Saturday,482,Warehouse -> New World Stonefields -> Four Square St Heliers -> New World Eastridge -> Warehouse,10.0,15994.62,4.442950000000001,True,1190.0,4200.0
614,Saturday,483,Warehouse -> Pak 'n Save Glen Innes -> New World Eastridge -> Warehouse,12.0,17930.6,4.980722222222222,True,1190.0,4200.0
615,Saturday,484,Warehouse -> Four Square Ellerslie -> Pak 'n Save Glen Innes -> New World Eastridge -> Warehouse,14.0,20178.12,5.605033333333333,True,1500.0,4200.0
616,Saturday,485,Warehouse -> Four Square Onehunga -> Four Square Ellerslie -> Pak 'n Save Glen Innes -> New World Eastridge -> Warehouse,16.0,22022.03,6.1172305555555555,True,1810.0,5600.0
617,Saturday,486,Warehouse -> Four Square Ellerslie -> Four Square Remuera -> Pak 'n Save Glen Innes -> New World Eastridge -> Warehouse,16.0,22493.79,6.2482750000000005,True,1810.0,5600.0
618,Saturday,487,Warehouse -> Four Square Ellerslie -> Pak 'n Save Glen Innes -> Four Square St Heliers -> New World Eastridge -> Warehouse,16.0,22714.32,6.309533333333333,True,1810.0,5600.0
619,Saturday,488,Warehouse -> Four Square Remuera -> Pak 'n Save Glen Innes -> New World Eastridge -> Warehouse,14.0,20125.87,5.590519444444444,True,1500.0,4200.0
620,Saturday,489,Warehouse -> Four Square Remuera -> Pak 'n Save Glen Innes -> Four Square St Heliers -> New World Eastridge -> Warehouse,16.0,22662.07,6.295019444444445,True,1810.0,5600.0
621,Saturday,490,Warehouse -> Pak 'n Save Glen Innes -> Four Square St Heliers -> New World Eastridge -> Warehouse,14.0,20466.8,5.685222222222222,True,1500.0,4200.0
622,Saturday,491,Warehouse -> Four Square Remuera -> New World Eastridge -> Warehouse,6.0,10805.470000000001,3.001519444444445,False,660.33,2800.0
623,Saturday,492,Warehouse -> Four Square Remuera -> Four Square St Heliers -> New World Eastridge -> Warehouse,8.0,13662.72,3.7952,False,834.94,2800.0
624,Saturday,493,Warehouse -> New World Eastridge -> Four Square St Heliers -> Warehouse,6.0,11441.5,3.1781944444444443,False,699.2,2800.0
625,Saturday,494,Warehouse -> New World Green Bay -> Warehouse,4.0,6045.54,1.6793166666666666,False,369.45,1400.0
626,Saturday,495,Warehouse -> New World Green Bay -> New World Mt Albert -> Warehouse,9.0,12336.21,3.426725,False,753.88,2800.0
627,Saturday,496,Warehouse -> New World Green Bay -> New World Mt Albert -> New World Mt Roskill -> Warehouse,12.0,15620.99,4.339163888888889,True,1190.0,4200.0
628,Saturday,497,Warehouse -> New World Green Bay -> New World New Lynn -> New World Mt Albert -> New World Mt Roskill -> Warehouse,16.0,20223.489999999998,5.617636111111111,True,1500.0,4200.0
629,Saturday,498,Warehouse -> New World Mt Roskill -> Four Square Onehunga -> New World Mt Albert -> New World Green Bay -> Warehouse,14.0,18812.07,5.225575,True,1500.0,4200.0
630,Saturday,499,Warehouse -> New World Mt Roskill -> Four Square Onehunga -> Four Square Remuera -> New World Mt Albert -> New World Green Bay -> Warehouse,16.0,21860.010000000002,6.072225,True,1810.0,5600.0
631,Saturday,500,Warehouse -> New World Green Bay -> New World New Lynn -> New World Mt Albert -> Warehouse,13.0,16938.71,4.705197222222222,True,1190.0,4200.0
632,Saturday,501,Warehouse -> New World Mt Albert -> New World New Lynn -> Four Square Glen Eden -> New World Green Bay -> Warehouse,15.0,19875.42,5.520949999999999,True,1500.0,4200.0
633,Saturday,502,Warehouse -> New World Green Bay -> New World Point Chevalier -> New World Mt Albert -> Warehouse,14.0,18177.11,5.049197222222222,True,1500.0,4200.0
634,Saturday,503,Warehouse -> New World Green Bay -> New World Point Chevalier -> Four Square Britomart -> New World Mt Albert -> Warehouse,16.0,21691.1,6.025305555555555,True,1810.0,5600.0
635,Saturday,504,Warehouse -> New World Mt Albert -> Four Square Eden Terrace -> New World Point Chevalier -> New World Green Bay -> Warehouse,16.0,21075.59,5.854330555555555,True,1500.0,4200.0
636,Saturday,505,Warehouse -> New World Green Bay -> New World Mt Albert -> New World Victoria Park -> Warehouse,13.0,18071.07,5.0197416666666665,True,1500.0,4200.0
637,Saturday,506,Warehouse -> New World Green Bay -> New World Mt Albert -> New World Victoria Park -> Four Square Britomart -> Warehouse,15.0,20670.41,5.741780555555556,True,1500.0,4200.0
638,Saturday,507,Warehouse -> New World Green Bay -> New World Mt Albert -> New World Victoria Park -> Four Square Eden Terrace -> Warehouse,15.0,20542.440000000002,5.706233333333334,True,1500.0,4200.0
639,Saturday,508,Warehouse -> New World Green Bay -> Four Square Britomart -> New World Mt Albert -> Warehouse,11.0,16076.89,4.465802777777777,True,1190.0,4200.0
640,Saturday,509,Warehouse -> New World Green Bay -> New World Mt Albert -> Four Square Eden Terrace -> Four Square Britomart -> Warehouse,13.0,18507.25,5.140902777777778,True,1500.0,4200.0
641,Saturday,510,Warehouse -> New World Green Bay -> Four Square Britomart -> Four Square Remuera -> Four Square Eden Terrace -> New World Mt Albert -> Warehouse,15.0,21832.989999999998,6.064719444444444,True,1810.0,5600.0
642,Saturday,511,Warehouse -> New World Green Bay -> New World Mt Albert -> Four Square Eden Terrace -> Warehouse,11.0,15478.16,4.299488888888889,True,1190.0,4200.0
643,Saturday,512,Warehouse -> New World Green Bay -> Four Square Remuera -> Four Square Eden Terrace -> New World Mt Albert -> Warehouse,13.0,18938.54,5.260705555555556,True,1500.0,4200.0
644,Saturday,513,Warehouse -> New World Green Bay -> New World Mt Albert -> Four Square Eden Terrace -> Four Square Remuera -> Four Square St Heliers -> Warehouse,15.0,22530.71,6.258530555555556,True,1810.0,5600.0
645,Saturday,514,Warehouse -> New World Green Bay -> New World Mt Roskill -> Warehouse,7.0,9413.21,2.6147805555555554,False,575.25,2800.0
646,Saturday,515,Warehouse -> New World New Lynn -> New World Green Bay -> New World Mt Roskill -> Warehouse,11.0,14164.79,3.934663888888889,False,865.63,2800.0
647,Saturday,516,Warehouse -> New World Green Bay -> New World New Lynn -> New World Point Chevalier -> New World Mt Roskill -> Warehouse,16.0,20562.83,5.711897222222222,True,1500.0,4200.0
648,Saturday,517,Warehouse -> New World New Lynn -> Four Square Glen Eden -> New World Green Bay -> New World Mt Roskill -> Warehouse,13.0,17089.02,4.74695,True,1190.0,4200.0
649,Saturday,518,Warehouse -> New World Mt Roskill -> Pak 'n Save Mangere -> New World Green Bay -> Warehouse,15.0,19888.83,5.524675,True,1500.0,4200.0
650,Saturday,519,Warehouse -> New World Green Bay -> Pak 'n Save Mt Albert -> New World Mt Roskill -> Warehouse,15.0,18434.54,5.120705555555555,True,1500.0,4200.0
651,Saturday,520,Warehouse -> New World Mt Roskill -> Pak 'n Save Royal Oak -> New World Green Bay -> Warehouse,15.0,19182.81,5.3285583333333335,True,1500.0,4200.0
652,Saturday,521,Warehouse -> New World Mt Roskill -> Four Square Onehunga -> New World Green Bay -> Warehouse,9.0,12643.69,3.5121361111111113,False,772.67,2800.0
653,Saturday,522,Warehouse -> New World Mt Roskill -> Four Square Onehunga -> Four Square Remuera -> New World Green Bay -> Warehouse,11.0,16283.48,4.523188888888889,True,1190.0,4200.0
654,Saturday,523,Warehouse -> New World Mt Roskill -> Four Square Onehunga -> Four Square Remuera -> Four Square St Heliers -> New World Green Bay -> Warehouse,13.0,19867.72,5.518811111111112,True,1500.0,4200.0
655,Saturday,524,Warehouse -> New World New Lynn -> New World Green Bay -> Warehouse,8.0,10797.119999999999,2.9991999999999996,False,659.82,2800.0
656,Saturday,525,Warehouse -> New World Green Bay -> New World New Lynn -> New World Point Chevalier -> Warehouse,13.0,17255.260000000002,4.793127777777778,True,1190.0,4200.0
657,Saturday,526,Warehouse -> New World Green Bay -> New World New Lynn -> New World Point Chevalier -> Four Square Britomart -> Warehouse,15.0,20732.260000000002,5.758961111111112,True,1500.0,4200.0
658,Saturday,527,Warehouse -> New World Green Bay -> New World New Lynn -> New World Point Chevalier -> Four Square Eden Terrace -> Warehouse,15.0,20180.38,5.605661111111111,True,1500.0,4200.0
659,Saturday,528,Warehouse -> New World Green Bay -> New World New Lynn -> Pak 'n Save Mt Albert -> Warehouse,16.0,19760.25,5.488958333333334,True,1500.0,4200.0
660,Saturday,529,Warehouse -> New World New Lynn -> Four Square Glen Eden -> New World Green Bay -> Warehouse,10.0,13721.35,3.8114861111111114,False,838.53,2800.0
661,Saturday,530,Warehouse -> New World Green Bay -> New World Point Chevalier -> Warehouse,9.0,12652.76,3.5146555555555556,False,773.22,2800.0
662,Saturday,531,Warehouse -> New World Green Bay -> New World Point Chevalier -> New World Victoria Park -> Warehouse,13.0,18156.72,5.043533333333333,True,1500.0,4200.0
663,Saturday,532,Warehouse -> New World Green Bay -> New World Point Chevalier -> New World Victoria Park -> Four Square Britomart -> Warehouse,15.0,20756.059999999998,5.765572222222222,True,1500.0,4200.0
664,Saturday,533,Warehouse -> New World Green Bay -> New World Point Chevalier -> New World Victoria Park -> Four Square Eden Terrace -> Warehouse,15.0,20628.09,5.730025,True,1500.0,4200.0
665,Saturday,534,Warehouse -> Pak 'n Save Westgate -> New World Point Chevalier -> New World Green Bay -> Warehouse,16.0,21960.88,6.100244444444445,True,1810.0,5600.0
666,Saturday,535,Warehouse -> New World Green Bay -> New World Point Chevalier -> Four Square Britomart -> Warehouse,11.0,16129.76,4.480488888888889,True,1190.0,4200.0
667,Saturday,536,Warehouse -> New World Green Bay -> New World Point Chevalier -> Four Square Britomart -> Four Square Eden Terrace -> Warehouse,13.0,18578.71,5.160752777777778,True,1500.0,4200.0
668,Saturday,537,Warehouse -> New World Green Bay -> New World Point Chevalier -> Four Square Britomart -> Four Square Remuera -> Four Square Eden Terrace -> Warehouse,15.0,21885.86,6.079405555555556,True,1810.0,5600.0
669,Saturday,538,Warehouse -> New World Green Bay -> New World Point Chevalier -> Four Square Eden Terrace -> Warehouse,11.0,15577.880000000001,4.327188888888889,True,1190.0,4200.0
670,Saturday,539,Warehouse -> New World Green Bay -> New World Point Chevalier -> Four Square Remuera -> Four Square Eden Terrace -> Warehouse,13.0,18991.4,5.275388888888889,True,1500.0,4200.0
671,Saturday,540,Warehouse -> New World Green Bay -> New World Point Chevalier -> Four Square Eden Terrace -> Four Square Remuera -> Four Square St Heliers -> Warehouse,15.0,22630.43,6.286230555555556,True,1810.0,5600.0
672,Saturday,541,Warehouse -> New World Green Bay -> Pak 'n Save Mt Albert -> Warehouse,12.0,15157.75,4.210486111111111,True,1190.0,4200.0
673,Saturday,542,Warehouse -> New World Green Bay -> Pak 'n Save Mt Albert -> Four Square Eden Terrace -> Warehouse,14.0,18666.33,5.1850916666666675,True,1500.0,4200.0
674,Saturday,543,Warehouse -> Four Square Remuera -> Four Square Eden Terrace -> Pak 'n Save Mt Albert -> New World Green Bay -> Warehouse,16.0,22109.08,6.141411111111111,True,1810.0,5600.0
675,Saturday,544,Warehouse -> New World Green Bay -> Four Square Glen Eden -> Pak 'n Save Mt Albert -> Warehouse,14.0,18234.61,5.065169444444445,True,1500.0,4200.0
676,Saturday,545,Warehouse -> Four Square Glen Eden -> New World Green Bay -> Warehouse,6.0,9206.09,2.5572472222222222,False,562.59,2800.0
677,Saturday,546,Warehouse -> New World Hobsonville -> Warehouse,4.0,8009.76,2.2249333333333334,False,489.49,2800.0
678,Saturday,547,Warehouse -> Pak 'n Save Albany -> New World Hobsonville -> Warehouse,12.0,18523.440000000002,5.1454,True,1500.0,4200.0
679,Saturday,548,Warehouse -> Pak 'n Save Albany -> New World Hobsonville -> Four Square Hobsonville -> Warehouse,14.0,20765.7,5.76825,True,1500.0,4200.0
680,Saturday,549,Warehouse -> Four Square Lancaster -> Pak 'n Save Albany -> New World Hobsonville -> Warehouse,14.0,21744.72,6.0402000000000005,True,1810.0,5600.0
681,Saturday,550,Warehouse -> Pak 'n Save Albany -> Four Square Torbay -> New World Hobsonville -> Warehouse,14.0,22089.83,6.13606388888889,True,1810.0,5600.0
682,Saturday,551,Warehouse -> Pak 'n Save Lincoln Road -> New World Hobsonville -> Warehouse,12.0,17037.04,4.732511111111111,True,1190.0,4200.0
683,Saturday,552,Warehouse -> Four Square Fair Price Henderson -> Pak 'n Save Lincoln Road -> New World Hobsonville -> Warehouse,14.0,19641.66,5.456016666666667,True,1500.0,4200.0
684,Saturday,553,Warehouse -> Four Square Glen Eden -> Four Square Fair Price Henderson -> Pak 'n Save Lincoln Road -> New World Hobsonville -> Warehouse,16.0,22530.12,6.258366666666666,True,1810.0,5600.0
685,Saturday,554,Warehouse -> Pak 'n Save Lincoln Road -> Four Square Fair Price Henderson -> New World Hobsonville -> Four Square Hobsonville -> Warehouse,16.0,21883.92,6.078866666666666,True,1810.0,5600.0
686,Saturday,555,Warehouse -> Four Square Glen Eden -> Pak 'n Save Lincoln Road -> New World Hobsonville -> Warehouse,14.0,20189.23,5.608119444444444,True,1500.0,4200.0
687,Saturday,556,Warehouse -> Pak 'n Save Lincoln Road -> New World Hobsonville -> Four Square Hobsonville -> Warehouse,14.0,19279.3,5.355361111111111,True,1500.0,4200.0
688,Saturday,557,Warehouse -> Pak 'n Save Westgate -> New World Hobsonville -> Warehouse,11.0,15860.69,4.405747222222223,True,1190.0,4200.0
689,Saturday,558,Warehouse -> Four Square Fair Price Henderson -> Pak 'n Save Westgate -> New World Hobsonville -> Warehouse,13.0,18819.21,5.2275583333333335,True,1500.0,4200.0
690,Saturday,559,Warehouse -> Four Square Glen Eden -> Four Square Fair Price Henderson -> Pak 'n Save Westgate -> New World Hobsonville -> Warehouse,15.0,21707.67,6.029908333333333,True,1810.0,5600.0
691,Saturday,560,Warehouse -> Four Square Fair Price Henderson -> Pak 'n Save Westgate -> New World Hobsonville -> Four Square Hobsonville -> Warehouse,15.0,21061.47,5.850408333333334,True,1500.0,4200.0
692,Saturday,561,Warehouse -> Pak 'n Save Westgate -> New World Hobsonville -> Four Square Hobsonville -> Warehouse,13.0,18102.95,5.028597222222222,True,1500.0,4200.0
693,Saturday,562,Warehouse -> Four Square Fair Price Henderson -> New World Hobsonville -> Warehouse,6.0,10968.279999999999,3.0467444444444443,False,670.28,2800.0
694,Saturday,563,Warehouse -> Four Square Glen Eden -> Four Square Fair Price Henderson -> New World Hobsonville -> Warehouse,8.0,13856.74,3.8490944444444444,False,846.8,2800.0
695,Saturday,564,Warehouse -> Four Square Fair Price Henderson -> New World Hobsonville -> Four Square Hobsonville -> Warehouse,8.0,13210.54,3.669594444444445,False,807.31,2800.0
696,Saturday,565,Warehouse -> New World Hobsonville -> Four Square Hobsonville -> Warehouse,6.0,10252.02,2.8477833333333336,False,626.51,2800.0
697,Saturday,566,Warehouse -> New World Howick -> Warehouse,4.0,9469.9,2.6305277777777776,False,578.72,2800.0
698,Saturday,567,Warehouse -> New World Howick -> Pak 'n Save Botany -> Warehouse,13.0,19372.15,5.381152777777778,True,1500.0,4200.0
699,Saturday,568,Warehouse -> New World Howick -> Pak 'n Save Botany -> Four Square Botany Junction -> Warehouse,15.0,21563.47,5.989852777777778,True,1500.0,4200.0
700,Saturday,569,Warehouse -> New World Howick -> Four Square Cockle Bay -> Pak 'n Save Botany -> Four Square Botany Junction -> Warehouse,15.0,21755.7,6.0432500000000005,True,1810.0,5600.0
701,Saturday,570,Warehouse -> New World Howick -> Four Square Cockle Bay -> Pak 'n Save Botany -> Warehouse,13.0,19564.38,5.434550000000001,True,1500.0,4200.0
702,Saturday,571,Warehouse -> Four Square Pakuranga Heights -> New World Howick -> Four Square Cockle Bay -> Pak 'n Save Botany -> Warehouse,15.0,21958.06,6.099461111111111,True,1810.0,5600.0
703,Saturday,572,Warehouse -> Four Square Pakuranga Heights -> New World Howick -> Pak 'n Save Botany -> Warehouse,15.0,21765.83,6.04606388888889,True,1810.0,5600.0
704,Saturday,573,Warehouse -> Pak 'n Save Highland Park -> New World Howick -> Warehouse,11.0,17084.67,4.7457416666666665,True,1190.0,4200.0
705,Saturday,574,Warehouse -> Pak 'n Save Highland Park -> New World Howick -> Four Square Botany Junction -> Warehouse,13.0,19416.38,5.393438888888889,True,1500.0,4200.0
706,Saturday,575,Warehouse -> Pak 'n Save Highland Park -> New World Howick -> Four Square Cockle Bay -> Four Square Botany Junction -> Warehouse,13.0,19608.61,5.446836111111112,True,1500.0,4200.0
707,Saturday,576,Warehouse -> Four Square Pakuranga Heights -> Pak 'n Save Highland Park -> New World Howick -> Four Square Cockle Bay -> Four Square Botany Junction -> Warehouse,15.0,22002.29,6.111747222222222,True,1810.0,5600.0
708,Saturday,577,Warehouse -> Four Square Pakuranga Heights -> Pak 'n Save Highland Park -> New World Howick -> Four Square Botany Junction -> Warehouse,15.0,21810.06,6.058350000000001,True,1810.0,5600.0
709,Saturday,578,Warehouse -> Pak 'n Save Highland Park -> Four Square Cockle Bay -> New World Howick -> Warehouse,11.0,17487.77,4.857713888888889,True,1190.0,4200.0
710,Saturday,579,Warehouse -> Pak 'n Save Highland Park -> Four Square Cockle Bay -> New World Howick -> Four Square Pakuranga Heights -> Warehouse,13.0,19820.309999999998,5.505641666666666,True,1500.0,4200.0
711,Saturday,580,Warehouse -> Pak 'n Save Highland Park -> New World Howick -> Four Square Pakuranga Heights -> Warehouse,13.0,19417.21,5.393669444444444,True,1500.0,4200.0
712,Saturday,581,Warehouse -> New World Howick -> Four Square Botany Junction -> Warehouse,6.0,11801.61,3.278225,False,721.21,2800.0
713,Saturday,582,Warehouse -> New World Howick -> Four Square Cockle Bay -> Four Square Botany Junction -> Warehouse,6.0,11993.84,3.3316222222222223,False,732.96,2800.0
714,Saturday,583,Warehouse -> Four Square Pakuranga Heights -> New World Howick -> Four Square Cockle Bay -> Four Square Botany Junction -> Warehouse,8.0,14387.52,3.9965333333333333,False,879.24,2800.0
715,Saturday,584,Warehouse -> Four Square Pakuranga Heights -> New World Howick -> Four Square Botany Junction -> Warehouse,8.0,14195.29,3.9431361111111114,False,867.49,2800.0
716,Saturday,585,Warehouse -> Four Square Cockle Bay -> New World Howick -> Warehouse,4.0,9873.0,2.7425,False,603.35,2800.0
717,Saturday,586,Warehouse -> Four Square Cockle Bay -> New World Howick -> Four Square Pakuranga Heights -> Warehouse,6.0,12205.54,3.390427777777778,False,745.89,2800.0
718,Saturday,587,Warehouse -> New World Howick -> Four Square Pakuranga Heights -> Warehouse,6.0,11802.439999999999,3.278455555555555,False,721.26,2800.0
719,Saturday,588,Warehouse -> New World Long Bay -> Warehouse,5.0,11556.92,3.2102555555555554,False,706.26,2800.0
720,Saturday,589,Warehouse -> New World Long Bay -> New World Milford -> Warehouse,10.0,17380.559999999998,4.827933333333332,True,1190.0,4200.0
721,Saturday,590,Warehouse -> New World Long Bay -> Pak 'n Save Wairau Road -> New World Milford -> Warehouse,16.0,24088.760000000002,6.691322222222222,True,1810.0,5600.0
722,Saturday,591,Warehouse -> Four Square Lancaster -> New World Long Bay -> New World Milford -> Warehouse,12.0,20601.84,5.722733333333333,True,1500.0,4200.0
723,Saturday,592,Warehouse -> New World Long Bay -> Four Square Torbay -> New World Milford -> Warehouse,12.0,19804.989999999998,5.501386111111111,True,1500.0,4200.0
724,Saturday,593,Warehouse -> Pak 'n Save Albany -> New World Long Bay -> Warehouse,13.0,20606.79,5.724108333333334,True,1500.0,4200.0
725,Saturday,594,Warehouse -> Pak 'n Save Albany -> New World Long Bay -> Four Square Hobsonville -> Warehouse,15.0,23094.02,6.415005555555556,True,1810.0,5600.0
726,Saturday,595,Warehouse -> Four Square Lancaster -> Pak 'n Save Albany -> New World Long Bay -> Warehouse,15.0,23828.07,6.618908333333334,True,1810.0,5600.0
727,Saturday,596,Warehouse -> Pak 'n Save Albany -> New World Long Bay -> Four Square Torbay -> Warehouse,15.0,23031.23,6.397563888888889,True,1810.0,5600.0
728,Saturday,597,Warehouse -> New World Long Bay -> Pak 'n Save Wairau Road -> Warehouse,11.0,18261.16,5.0725444444444445,True,1500.0,4200.0
729,Saturday,598,Warehouse -> Four Square Lancaster -> Pak 'n Save Wairau Road -> New World Long Bay -> Warehouse,13.0,21421.05,5.950291666666667,True,1500.0,4200.0
730,Saturday,599,Warehouse -> New World Long Bay -> Four Square Torbay -> Pak 'n Save Wairau Road -> Warehouse,13.0,20685.6,5.7459999999999996,True,1500.0,4200.0
731,Saturday,600,Warehouse -> New World Long Bay -> Four Square Torbay -> Warehouse,7.0,13981.36,3.8837111111111113,False,854.42,2800.0
732,Saturday,601,Warehouse -> New World Metro Shore City -> Warehouse,2.0,6295.2300000000005,1.7486750000000002,False,384.71,1400.0
733,Saturday,602,Warehouse -> New World Metro Shore City -> New World Metro Queen St -> Warehouse,4.0,8966.35,2.490652777777778,False,547.94,2800.0
734,Saturday,603,Warehouse -> New World Metro Shore City -> New World Metro Queen St -> New World Mt Albert -> Warehouse,9.0,14527.689999999999,4.035469444444444,True,1190.0,4200.0
735,Saturday,604,Warehouse -> New World Mt Roskill -> New World Metro Shore City -> New World Metro Queen St -> New World Mt Albert -> Warehouse,12.0,17809.14,4.946983333333333,True,1190.0,4200.0
736,Saturday,605,Warehouse -> New World Mt Roskill -> New World Metro Shore City -> New World Metro Queen St -> New World Mt Albert -> New World New Lynn -> Warehouse,16.0,23091.12,6.4142,True,1810.0,5600.0
737,Saturday,606,Warehouse -> New World Mt Roskill -> Four Square Onehunga -> New World Metro Queen St -> New World Metro Shore City -> New World Mt Albert -> Warehouse,14.0,20408.739999999998,5.669094444444444,True,1500.0,4200.0
738,Saturday,607,Warehouse -> New World Mt Roskill -> Four Square Onehunga -> Four Square Remuera -> New World Metro Queen St -> New World Metro Shore City -> New World Mt Albert -> Warehouse,16.0,23145.690000000002,6.429358333333334,True,1810.0,5600.0
739,Saturday,608,Warehouse -> New World Metro Shore City -> New World Metro Queen St -> New World Mt Albert -> New World New Lynn -> Warehouse,13.0,19809.67,5.50268611111111,True,1500.0,4200.0
740,Saturday,609,Warehouse -> New World New Lynn -> Four Square Glen Eden -> New World Metro Shore City -> New World Metro Queen St -> New World Mt Albert -> Warehouse,15.0,22996.54,6.387927777777778,True,1810.0,5600.0
741,Saturday,610,Warehouse -> New World Mt Albert -> New World Point Chevalier -> New World Metro Shore City -> New World Metro Queen St -> Warehouse,14.0,20267.65,5.629902777777779,True,1500.0,4200.0
742,Saturday,611,Warehouse -> New World Mt Albert -> New World Point Chevalier -> New World Metro Shore City -> Four Square Britomart -> New World Metro Queen St -> Warehouse,16.0,22553.89,6.264969444444445,True,1810.0,5600.0
743,Saturday,612,Warehouse -> New World Mt Albert -> Four Square Eden Terrace -> New World Metro Queen St -> New World Metro Shore City -> New World Point Chevalier -> Warehouse,16.0,22630.62,6.2862833333333334,True,1810.0,5600.0
744,Saturday,613,Warehouse -> New World Metro Queen St -> New World Victoria Park -> New World Metro Shore City -> New World Mt Albert -> Warehouse,13.0,19010.29,5.280636111111112,True,1500.0,4200.0
745,Saturday,614,Warehouse -> Four Square Britomart -> New World Metro Queen St -> New World Victoria Park -> New World Metro Shore City -> New World Mt Albert -> Warehouse,15.0,21306.82,5.918561111111111,True,1500.0,4200.0
746,Saturday,615,Warehouse -> New World Mt Albert -> Four Square Eden Terrace -> New World Metro Queen St -> New World Victoria Park -> New World Metro Shore City -> Warehouse,15.0,21293.93,5.914980555555555,True,1500.0,4200.0
747,Saturday,616,Warehouse -> New World Metro Shore City -> Four Square Britomart -> New World Metro Queen St -> New World Mt Albert -> Warehouse,11.0,16813.93,4.670536111111111,True,1190.0,4200.0
748,Saturday,617,Warehouse -> New World Mt Albert -> Four Square Eden Terrace -> New World Metro Queen St -> Four Square Britomart -> New World Metro Shore City -> Warehouse,13.0,19126.9,5.313027777777778,True,1500.0,4200.0
749,Saturday,618,Warehouse -> New World Mt Albert -> Four Square Eden Terrace -> New World Metro Queen St -> Four Square Britomart -> New World Metro Shore City -> Four Square Remuera -> Warehouse,15.0,22536.72,6.2602,True,1810.0,5600.0
750,Saturday,619,Warehouse -> New World Mt Albert -> Four Square Eden Terrace -> New World Metro Queen St -> New World Metro Shore City -> Warehouse,11.0,16839.74,4.677705555555556,True,1190.0,4200.0
751,Saturday,620,Warehouse -> New World Mt Albert -> Four Square Eden Terrace -> New World Metro Queen St -> New World Metro Shore City -> Four Square Remuera -> Warehouse,13.0,20249.56,5.624877777777778,True,1500.0,4200.0
752,Saturday,621,Warehouse -> New World Mt Albert -> Four Square Eden Terrace -> Four Square Remuera -> Four Square St Heliers -> New World Metro Queen St -> New World Metro Shore City -> Warehouse,15.0,23579.57,6.549880555555555,True,1810.0,5600.0
753,Saturday,622,Warehouse -> New World Metro Shore City -> New World Metro Queen St -> New World Newmarket -> Warehouse,7.0,12751.24,3.542011111111111,False,779.24,2800.0
754,Saturday,623,Warehouse -> New World Metro Shore City -> New World Metro Queen St -> New World Newmarket -> New World Point Chevalier -> Warehouse,12.0,18542.13,5.150591666666667,True,1500.0,4200.0
755,Saturday,624,Warehouse -> New World Newmarket -> New World Metro Queen St -> New World Victoria Park -> New World Metro Shore City -> New World Point Chevalier -> Warehouse,16.0,23011.59,6.392108333333334,True,1810.0,5600.0
756,Saturday,625,Warehouse -> New World Metro Shore City -> Four Square Britomart -> New World Metro Queen St -> New World Newmarket -> New World Point Chevalier -> Warehouse,14.0,20828.37,5.785658333333333,True,1500.0,4200.0
757,Saturday,626,Warehouse -> New World Metro Shore City -> Four Square Britomart -> New World Metro Queen St -> New World Newmarket -> Four Square Eden Terrace -> New World Point Chevalier -> Warehouse,16.0,23205.63,6.446008333333333,True,1810.0,5600.0
758,Saturday,627,Warehouse -> New World Metro Shore City -> New World Metro Queen St -> New World Newmarket -> Four Square Eden Terrace -> New World Point Chevalier -> Warehouse,14.0,20919.39,5.8109416666666664,True,1500.0,4200.0
759,Saturday,628,Warehouse -> New World Metro Shore City -> New World Metro Queen St -> New World Newmarket -> Four Square Remuera -> Four Square Eden Terrace -> New World Point Chevalier -> Warehouse,16.0,23974.27,6.659519444444444,True,1810.0,5600.0
760,Saturday,629,Warehouse -> New World Metro Shore City -> New World Metro Queen St -> New World Remuera -> New World Newmarket -> Warehouse,11.0,17704.75,4.917986111111111,True,1190.0,4200.0
761,Saturday,630,Warehouse -> New World Metro Shore City -> New World Metro Queen St -> New World Newmarket -> New World Remuera -> New World Stonefields -> Warehouse,15.0,22947.16,6.374211111111111,True,1810.0,5600.0
762,Saturday,631,Warehouse -> New World Metro Shore City -> New World Metro Queen St -> New World Remuera -> New World Newmarket -> Four Square Eden Terrace -> Warehouse,13.0,20082.01,5.578336111111111,True,1500.0,4200.0
763,Saturday,632,Warehouse -> New World Metro Shore City -> New World Metro Queen St -> New World Newmarket -> New World Remuera -> Four Square Remuera -> Four Square Eden Terrace -> Warehouse,15.0,22562.59,6.2673861111111115,True,1810.0,5600.0
764,Saturday,633,Warehouse -> New World Metro Shore City -> New World Metro Queen St -> Four Square Ellerslie -> New World Remuera -> New World Newmarket -> Warehouse,13.0,20353.059999999998,5.6536277777777775,True,1500.0,4200.0
765,Saturday,634,Warehouse -> Four Square Onehunga -> Four Square Ellerslie -> New World Remuera -> New World Newmarket -> New World Metro Queen St -> New World Metro Shore City -> Warehouse,15.0,22212.24,6.170066666666667,True,1810.0,5600.0
766,Saturday,635,Warehouse -> New World Metro Shore City -> New World Metro Queen St -> Four Square Ellerslie -> Four Square Remuera -> New World Remuera -> New World Newmarket -> Warehouse,15.0,22620.92,6.283588888888889,True,1810.0,5600.0
767,Saturday,636,Warehouse -> New World Newmarket -> New World Remuera -> Four Square Ellerslie -> Four Square St Heliers -> New World Metro Queen St -> New World Metro Shore City -> Warehouse,15.0,23836.95,6.6213750000000005,True,1810.0,5600.0
768,Saturday,637,Warehouse -> Four Square Onehunga -> New World Remuera -> New World Newmarket -> New World Metro Queen St -> New World Metro Shore City -> Warehouse,13.0,19730.190000000002,5.480608333333334,True,1500.0,4200.0
769,Saturday,638,Warehouse -> Four Square Onehunga -> Four Square Remuera -> New World Remuera -> New World Newmarket -> New World Metro Queen St -> New World Metro Shore City -> Warehouse,15.0,22210.68,6.1696333333333335,True,1810.0,5600.0
770,Saturday,639,Warehouse -> New World Metro Shore City -> New World Metro Queen St -> New World Newmarket -> New World Remuera -> Four Square Remuera -> Warehouse,13.0,20185.34,5.607038888888889,True,1500.0,4200.0
771,Saturday,640,Warehouse -> New World Newmarket -> New World Remuera -> Four Square Remuera -> Four Square St Heliers -> New World Metro Queen St -> New World Metro Shore City -> Warehouse,15.0,23524.46,6.534572222222222,True,1810.0,5600.0
772,Saturday,641,Warehouse -> New World Newmarket -> New World Remuera -> Four Square St Heliers -> New World Metro Queen St -> New World Metro Shore City -> Warehouse,13.0,21322.96,5.923044444444444,True,1500.0,4200.0
773,Saturday,642,Warehouse -> New World Newmarket -> New World Metro Queen St -> New World Victoria Park -> New World Metro Shore City -> Warehouse,11.0,17220.71,4.783530555555555,True,1190.0,4200.0
774,Saturday,643,Warehouse -> New World Newmarket -> Four Square Britomart -> New World Metro Queen St -> New World Victoria Park -> New World Metro Shore City -> Warehouse,13.0,19557.120000000003,5.432533333333334,True,1500.0,4200.0
775,Saturday,644,Warehouse -> Four Square Britomart -> New World Metro Queen St -> New World Victoria Park -> New World Metro Shore City -> New World Newmarket -> Four Square Eden Terrace -> Warehouse,15.0,21938.57,6.094047222222222,True,1810.0,5600.0
776,Saturday,645,Warehouse -> New World Metro Shore City -> New World Victoria Park -> New World Metro Queen St -> New World Newmarket -> Four Square Eden Terrace -> Warehouse,13.0,19614.78,5.44855,True,1500.0,4200.0
777,Saturday,646,Warehouse -> New World Metro Shore City -> New World Victoria Park -> New World Metro Queen St -> New World Newmarket -> Four Square Remuera -> Four Square Eden Terrace -> Warehouse,15.0,22669.66,6.297127777777778,True,1810.0,5600.0
778,Saturday,647,Warehouse -> Pak 'n Save Royal Oak -> New World Newmarket -> New World Metro Queen St -> New World Metro Shore City -> Warehouse,15.0,21473.34,5.964816666666667,True,1500.0,4200.0
779,Saturday,648,Warehouse -> New World Metro Shore City -> Four Square Britomart -> New World Metro Queen St -> New World Newmarket -> Warehouse,9.0,15037.48,4.177077777777778,True,1190.0,4200.0
780,Saturday,649,Warehouse -> New World Metro Shore City -> Four Square Britomart -> New World Metro Queen St -> New World Newmarket -> Four Square Eden Terrace -> Warehouse,11.0,17414.74,4.837427777777778,True,1190.0,4200.0
781,Saturday,650,Warehouse -> New World Metro Shore City -> Four Square Britomart -> New World Metro Queen St -> New World Newmarket -> Four Square Remuera -> Four Square Eden Terrace -> Warehouse,13.0,20469.620000000003,5.686005555555556,True,1500.0,4200.0
782,Saturday,651,Warehouse -> New World Metro Shore City -> New World Metro Queen St -> Four Square Britomart -> Four Square St Heliers -> Four Square Remuera -> New World Newmarket -> Four Square Eden Terrace -> Warehouse,15.0,23772.21,6.603391666666666,True,1810.0,5600.0
783,Saturday,652,Warehouse -> New World Metro Shore City -> New World Metro Queen St -> New World Newmarket -> Four Square Eden Terrace -> Warehouse,9.0,15128.5,4.202361111111111,True,1190.0,4200.0
784,Saturday,653,Warehouse -> New World Metro Shore City -> New World Metro Queen St -> New World Newmarket -> Four Square Remuera -> Four Square Eden Terrace -> Warehouse,11.0,18183.38,5.050938888888889,True,1500.0,4200.0
785,Saturday,654,Warehouse -> New World Metro Shore City -> New World Metro Queen St -> Four Square St Heliers -> Four Square Remuera -> New World Newmarket -> Four Square Eden Terrace -> Warehouse,13.0,21568.36,5.991211111111111,True,1500.0,4200.0
786,Saturday,655,Warehouse -> New World Metro Shore City -> New World Metro Queen St -> New World Newmarket -> Four Square Ellerslie -> Warehouse,9.0,15797.73,4.388258333333333,True,1190.0,4200.0
787,Saturday,656,Warehouse -> New World Metro Shore City -> New World Metro Queen St -> New World Newmarket -> Four Square Ellerslie -> Four Square Onehunga -> Warehouse,11.0,17600.33,4.888980555555556,True,1190.0,4200.0
788,Saturday,657,Warehouse -> Four Square Onehunga -> Four Square Ellerslie -> Four Square Remuera -> New World Newmarket -> New World Metro Queen St -> New World Metro Shore City -> Warehouse,13.0,20079.86,5.577738888888889,True,1500.0,4200.0
789,Saturday,658,Warehouse -> Four Square Onehunga -> Four Square Ellerslie -> Four Square Remuera -> Four Square St Heliers -> New World Newmarket -> New World Metro Queen St -> New World Metro Shore City -> Warehouse,15.0,23690.65,6.580736111111111,True,1810.0,5600.0
790,Saturday,659,Warehouse -> New World Metro Shore City -> New World Metro Queen St -> New World Newmarket -> Four Square Ellerslie -> Four Square Remuera -> Warehouse,11.0,18174.05,5.048347222222222,True,1500.0,4200.0
791,Saturday,660,Warehouse -> New World Newmarket -> Four Square Ellerslie -> Four Square Remuera -> Four Square St Heliers -> New World Metro Queen St -> New World Metro Shore City -> Warehouse,13.0,21513.17,5.975880555555555,True,1500.0,4200.0
792,Saturday,661,Warehouse -> New World Newmarket -> Four Square Ellerslie -> Four Square St Heliers -> New World Metro Queen St -> New World Metro Shore City -> Warehouse,11.0,19197.5,5.332638888888889,True,1500.0,4200.0
793,Saturday,662,Warehouse -> Four Square Onehunga -> New World Newmarket -> New World Metro Queen St -> New World Metro Shore City -> Warehouse,9.0,15110.45,4.197347222222223,True,1190.0,4200.0
794,Saturday,663,Warehouse -> Four Square Onehunga -> Four Square Remuera -> New World Newmarket -> New World Metro Queen St -> New World Metro Shore City -> Warehouse,11.0,17810.440000000002,4.947344444444445,True,1190.0,4200.0
795,Saturday,664,Warehouse -> Four Square Onehunga -> Four Square Remuera -> Four Square St Heliers -> New World Newmarket -> New World Metro Queen St -> New World Metro Shore City -> Warehouse,13.0,21421.23,5.950341666666667,True,1500.0,4200.0
796,Saturday,665,Warehouse -> New World Metro Shore City -> New World Metro Queen St -> New World Newmarket -> Four Square Remuera -> Warehouse,9.0,15806.130000000001,4.390591666666667,True,1190.0,4200.0
797,Saturday,666,Warehouse -> New World Newmarket -> Four Square Remuera -> Four Square St Heliers -> New World Metro Queen St -> New World Metro Shore City -> Warehouse,11.0,19145.25,5.318125,True,1500.0,4200.0
798,Saturday,667,Warehouse -> New World Metro Shore City -> New World Metro Queen St -> New World Point Chevalier -> Warehouse,9.0,14757.24,4.099233333333333,True,1190.0,4200.0
799,Saturday,668,Warehouse -> New World Metro Queen St -> New World Victoria Park -> New World Metro Shore City -> New World Point Chevalier -> Warehouse,13.0,19239.83,5.344397222222223,True,1500.0,4200.0
800,Saturday,669,Warehouse -> Four Square Britomart -> New World Metro Queen St -> New World Victoria Park -> New World Metro Shore City -> New World Point Chevalier -> Warehouse,15.0,21536.36,5.982322222222223,True,1500.0,4200.0
801,Saturday,670,Warehouse -> Four Square Eden Terrace -> New World Metro Queen St -> New World Victoria Park -> New World Metro Shore City -> New World Point Chevalier -> Warehouse,15.0,21621.629999999997,6.006008333333333,True,1810.0,5600.0
802,Saturday,671,Warehouse -> Pak 'n Save Westgate -> New World Metro Shore City -> New World Metro Queen St -> New World Point Chevalier -> Warehouse,16.0,23576.41,6.549002777777778,True,1810.0,5600.0
803,Saturday,672,Warehouse -> New World Metro Shore City -> Four Square Britomart -> New World Metro Queen St -> New World Point Chevalier -> Warehouse,11.0,17043.48,4.7343,True,1190.0,4200.0
804,Saturday,673,Warehouse -> New World Metro Shore City -> Four Square Britomart -> New World Metro Queen St -> Four Square Eden Terrace -> New World Point Chevalier -> Warehouse,13.0,19426.96,5.3963777777777775,True,1500.0,4200.0
805,Saturday,674,Warehouse -> New World Metro Shore City -> Four Square Britomart -> New World Metro Queen St -> Four Square Remuera -> Four Square Eden Terrace -> New World Point Chevalier -> Warehouse,15.0,22799.620000000003,6.333227777777778,True,1810.0,5600.0
806,Saturday,675,Warehouse -> New World Metro Shore City -> New World Metro Queen St -> Four Square Eden Terrace -> New World Point Chevalier -> Warehouse,11.0,17140.72,4.7613111111111115,True,1190.0,4200.0
807,Saturday,676,Warehouse -> New World Metro Shore City -> New World Metro Queen St -> Four Square Remuera -> Four Square Eden Terrace -> New World Point Chevalier -> Warehouse,13.0,20513.379999999997,5.69816111111111,True,1500.0,4200.0
808,Saturday,677,Warehouse -> New World Metro Shore City -> New World Metro Queen St -> Four Square St Heliers -> Four Square Remuera -> Four Square Eden Terrace -> New World Point Chevalier -> Warehouse,15.0,23851.72,6.625477777777778,True,1810.0,5600.0
809,Saturday,678,Warehouse -> New World Metro Queen St -> New World Victoria Park -> New World Metro Shore City -> Warehouse,8.0,13448.95,3.7358194444444446,False,821.88,2800.0
810,Saturday,679,Warehouse -> Four Square Britomart -> New World Metro Queen St -> New World Victoria Park -> New World Metro Shore City -> Warehouse,10.0,15745.48,4.373744444444444,True,1190.0,4200.0
811,Saturday,680,Warehouse -> New World Metro Shore City -> New World Victoria Park -> Four Square Britomart -> New World Metro Queen St -> Four Square Eden Terrace -> Warehouse,12.0,18165.09,5.045858333333333,True,1500.0,4200.0
812,Saturday,681,Warehouse -> Four Square Britomart -> New World Metro Queen St -> New World Victoria Park -> New World Metro Shore City -> Four Square Remuera -> Four Square Eden Terrace -> Warehouse,14.0,21532.55,5.981263888888889,True,1500.0,4200.0
813,Saturday,682,Warehouse -> New World Metro Shore City -> New World Victoria Park -> New World Metro Queen St -> Four Square Britomart -> Four Square St Heliers -> Four Square Remuera -> Four Square Eden Terrace -> Warehouse,16.0,24750.96,6.875266666666667,True,1810.0,5600.0
814,Saturday,683,Warehouse -> Four Square Eden Terrace -> New World Metro Queen St -> New World Victoria Park -> New World Metro Shore City -> Warehouse,10.0,15830.75,4.397430555555555,True,1190.0,4200.0
815,Saturday,684,Warehouse -> New World Metro Shore City -> New World Victoria Park -> New World Metro Queen St -> Four Square Remuera -> Four Square Eden Terrace -> Warehouse,12.0,19208.77,5.335769444444445,True,1500.0,4200.0
816,Saturday,685,Warehouse -> New World Metro Shore City -> New World Victoria Park -> New World Metro Queen St -> Four Square St Heliers -> Four Square Remuera -> Four Square Eden Terrace -> Warehouse,14.0,22547.11,6.263086111111111,True,1810.0,5600.0
817,Saturday,686,Warehouse -> New World Metro Shore City -> Four Square Britomart -> New World Metro Queen St -> Warehouse,6.0,11252.59,3.1257194444444445,False,687.66,2800.0
818,Saturday,687,Warehouse -> New World Metro Shore City -> Four Square Britomart -> New World Metro Queen St -> Four Square Eden Terrace -> Warehouse,8.0,13636.07,3.7877972222222223,False,833.32,2800.0
819,Saturday,688,Warehouse -> New World Metro Shore City -> Four Square Britomart -> New World Metro Queen St -> Four Square Remuera -> Four Square Eden Terrace -> Warehouse,10.0,17008.73,4.724647222222222,True,1190.0,4200.0
820,Saturday,689,Warehouse -> New World Metro Shore City -> New World Metro Queen St -> Four Square Britomart -> Four Square St Heliers -> Four Square Remuera -> Four Square Eden Terrace -> Warehouse,12.0,20264.68,5.629077777777778,True,1500.0,4200.0
821,Saturday,690,Warehouse -> New World Metro Shore City -> New World Metro Queen St -> Four Square Eden Terrace -> Warehouse,6.0,11349.83,3.1527305555555554,False,693.6,2800.0
822,Saturday,691,Warehouse -> New World Metro Shore City -> New World Metro Queen St -> Four Square Remuera -> Four Square Eden Terrace -> Warehouse,8.0,14722.49,4.089580555555555,True,1190.0,4200.0
823,Saturday,692,Warehouse -> New World Metro Shore City -> New World Metro Queen St -> Four Square St Heliers -> Four Square Remuera -> Four Square Eden Terrace -> Warehouse,10.0,18060.83,5.016897222222223,True,1500.0,4200.0
824,Saturday,693,Warehouse -> New World Metro Shore City -> New World Milford -> Warehouse,7.0,12268.98,3.40805,False,749.77,2800.0
825,Saturday,694,Warehouse -> Pak 'n Save Albany -> New World Milford -> New World Metro Shore City -> Warehouse,15.0,22080.2,6.133388888888889,True,1810.0,5600.0
826,Saturday,695,Warehouse -> Pak 'n Save Wairau Road -> New World Milford -> New World Metro Shore City -> Warehouse,13.0,18945.13,5.262536111111111,True,1500.0,4200.0
827,Saturday,696,Warehouse -> Four Square Lancaster -> Pak 'n Save Wairau Road -> New World Milford -> New World Metro Shore City -> Warehouse,15.0,22044.08,6.123355555555556,True,1810.0,5600.0
828,Saturday,697,Warehouse -> Four Square Torbay -> Pak 'n Save Wairau Road -> New World Milford -> New World Metro Shore City -> Warehouse,15.0,23304.940000000002,6.473594444444445,True,1810.0,5600.0
829,Saturday,698,Warehouse -> Four Square Lancaster -> New World Milford -> New World Metro Shore City -> Warehouse,9.0,15542.01,4.317225,True,1190.0,4200.0
830,Saturday,699,Warehouse -> Four Square Torbay -> New World Milford -> New World Metro Shore City -> Warehouse,9.0,16596.73,4.610202777777777,True,1190.0,4200.0
831,Saturday,700,Warehouse -> New World Victoria Park -> New World Metro Shore City -> Warehouse,6.0,10933.08,3.036966666666667,False,668.13,2800.0
832,Saturday,701,Warehouse -> Four Square Britomart -> New World Victoria Park -> New World Metro Shore City -> Warehouse,8.0,13551.119999999999,3.7641999999999998,False,828.12,2800.0
833,Saturday,702,Warehouse -> New World Metro Shore City -> New World Victoria Park -> Four Square Britomart -> Four Square Eden Terrace -> Warehouse,10.0,16005.09,4.445858333333334,True,1190.0,4200.0
834,Saturday,703,Warehouse -> New World Metro Shore City -> New World Victoria Park -> Four Square Britomart -> Four Square Remuera -> Four Square Eden Terrace -> Warehouse,12.0,19312.239999999998,5.364511111111111,True,1500.0,4200.0
835,Saturday,704,Warehouse -> New World Metro Shore City -> New World Victoria Park -> Four Square Britomart -> Four Square St Heliers -> Four Square Remuera -> Four Square Eden Terrace -> Warehouse,14.0,22528.0,6.257777777777778,True,1810.0,5600.0
836,Saturday,705,Warehouse -> New World Metro Shore City -> New World Victoria Park -> Four Square Eden Terrace -> Warehouse,8.0,13428.17,3.7300472222222223,False,820.61,2800.0
837,Saturday,706,Warehouse -> New World Victoria Park -> New World Metro Shore City -> Four Square Remuera -> Four Square Eden Terrace -> Warehouse,10.0,16720.15,4.644486111111111,True,1190.0,4200.0
838,Saturday,707,Warehouse -> Four Square Eden Terrace -> New World Victoria Park -> New World Metro Shore City -> Four Square Remuera -> Four Square St Heliers -> Warehouse,12.0,20432.34,5.67565,True,1500.0,4200.0
839,Saturday,708,Warehouse -> Pak 'n Save Wairau Road -> New World Metro Shore City -> Warehouse,8.0,13367.470000000001,3.7131861111111113,False,816.9,2800.0
840,Saturday,709,Warehouse -> Four Square Lancaster -> Pak 'n Save Wairau Road -> New World Metro Shore City -> Warehouse,10.0,16466.42,4.574005555555555,True,1190.0,4200.0
841,Saturday,710,Warehouse -> Four Square Torbay -> Pak 'n Save Wairau Road -> New World Metro Shore City -> Warehouse,10.0,17727.28,4.924244444444444,True,1190.0,4200.0
842,Saturday,711,Warehouse -> Four Square Lancaster -> New World Metro Shore City -> Warehouse,4.0,9888.83,2.746897222222222,False,604.32,2800.0
843,Saturday,712,Warehouse -> New World Metro Queen St -> Warehouse,2.0,5013.37,1.3926027777777779,False,306.37,1400.0
844,Saturday,713,Warehouse -> New World Metro Queen St -> New World Mt Albert -> Warehouse,7.0,10574.71,2.937419444444444,False,646.23,2800.0
845,Saturday,714,Warehouse -> New World Mt Roskill -> New World Metro Queen St -> New World Mt Albert -> Warehouse,10.0,13856.15,3.8489305555555555,False,846.76,2800.0
846,Saturday,715,Warehouse -> New World Mt Roskill -> New World Metro Queen St -> New World Mt Albert -> New World New Lynn -> Warehouse,14.0,19138.13,5.316147222222223,True,1500.0,4200.0
847,Saturday,716,Warehouse -> New World New Lynn -> Four Square Glen Eden -> New World Metro Queen St -> New World Mt Albert -> New World Mt Roskill -> Warehouse,16.0,22328.33,6.20231388888889,True,1810.0,5600.0
848,Saturday,717,Warehouse -> New World Mt Roskill -> Four Square Onehunga -> New World Metro Queen St -> New World Mt Albert -> Warehouse,12.0,16427.35,4.563152777777777,True,1190.0,4200.0
849,Saturday,718,Warehouse -> New World Mt Roskill -> Four Square Onehunga -> Four Square Remuera -> New World Metro Queen St -> New World Mt Albert -> Warehouse,14.0,19164.3,5.323416666666667,True,1500.0,4200.0
850,Saturday,719,Warehouse -> New World Mt Roskill -> Four Square Onehunga -> Four Square Remuera -> Four Square St Heliers -> New World Metro Queen St -> New World Mt Albert -> Warehouse,16.0,22488.15,6.246708333333333,True,1810.0,5600.0
851,Saturday,720,Warehouse -> New World Metro Queen St -> New World Mt Albert -> New World New Lynn -> Warehouse,11.0,15856.689999999999,4.4046361111111105,True,1190.0,4200.0
852,Saturday,721,Warehouse -> New World New Lynn -> New World Point Chevalier -> New World Metro Queen St -> New World Mt Albert -> Warehouse,16.0,21406.14,5.94615,True,1500.0,4200.0
853,Saturday,722,Warehouse -> New World New Lynn -> Four Square Glen Eden -> New World Metro Queen St -> New World Mt Albert -> Warehouse,13.0,19043.55,5.289874999999999,True,1500.0,4200.0
854,Saturday,723,Warehouse -> New World Mt Albert -> New World Point Chevalier -> New World Metro Queen St -> Warehouse,12.0,16314.67,4.531852777777778,True,1190.0,4200.0
855,Saturday,724,Warehouse -> New World Mt Albert -> New World Victoria Park -> New World Metro Queen St -> New World Point Chevalier -> Warehouse,16.0,20875.36,5.798711111111111,True,1500.0,4200.0
856,Saturday,725,Warehouse -> New World Mt Albert -> New World Point Chevalier -> Four Square Britomart -> New World Metro Queen St -> Warehouse,14.0,18611.19,5.169775,True,1500.0,4200.0
857,Saturday,726,Warehouse -> New World Mt Albert -> Four Square Eden Terrace -> New World Metro Queen St -> Four Square Britomart -> New World Point Chevalier -> Warehouse,16.0,20975.71,5.826586111111111,True,1500.0,4200.0
858,Saturday,727,Warehouse -> New World Mt Albert -> Four Square Eden Terrace -> New World Metro Queen St -> New World Point Chevalier -> Warehouse,14.0,18649.239999999998,5.180344444444444,True,1500.0,4200.0
859,Saturday,728,Warehouse -> New World Mt Albert -> Four Square Eden Terrace -> New World Metro Queen St -> Four Square Remuera -> New World Point Chevalier -> Warehouse,16.0,22028.13,6.118925,True,1810.0,5600.0
860,Saturday,729,Warehouse -> New World Mt Albert -> New World Victoria Park -> New World Metro Queen St -> Warehouse,11.0,15084.470000000001,4.190130555555556,True,1190.0,4200.0
861,Saturday,730,Warehouse -> New World Mt Albert -> New World Victoria Park -> New World Metro Queen St -> Four Square Britomart -> Warehouse,13.0,17410.94,4.836372222222222,True,1190.0,4200.0
862,Saturday,731,Warehouse -> New World Mt Albert -> New World Victoria Park -> Four Square Britomart -> New World Metro Queen St -> Four Square Eden Terrace -> Warehouse,15.0,19796.93,5.499147222222223,True,1500.0,4200.0
863,Saturday,732,Warehouse -> New World Mt Albert -> New World Victoria Park -> New World Metro Queen St -> Four Square Eden Terrace -> Warehouse,13.0,17467.95,4.8522083333333335,True,1190.0,4200.0
864,Saturday,733,Warehouse -> New World Mt Albert -> New World Victoria Park -> New World Metro Queen St -> Four Square Remuera -> Four Square Eden Terrace -> Warehouse,15.0,20840.61,5.789058333333333,True,1500.0,4200.0
865,Saturday,734,Warehouse -> New World Metro Queen St -> New World Mt Albert -> Pak 'n Save Mt Albert -> Warehouse,15.0,19521.09,5.422525,True,1500.0,4200.0
866,Saturday,735,Warehouse -> Pak 'n Save Royal Oak -> New World Metro Queen St -> New World Mt Albert -> Warehouse,15.0,19565.93,5.434980555555556,True,1500.0,4200.0
867,Saturday,736,Warehouse -> Four Square Britomart -> New World Metro Queen St -> New World Mt Albert -> Warehouse,9.0,12871.24,3.575344444444444,False,786.58,2800.0
868,Saturday,737,Warehouse -> New World Mt Albert -> Four Square Eden Terrace -> New World Metro Queen St -> Four Square Britomart -> Warehouse,11.0,15184.82,4.218005555555555,True,1190.0,4200.0
869,Saturday,738,Warehouse -> New World Mt Albert -> Four Square Eden Terrace -> New World Metro Queen St -> Four Square Britomart -> Four Square Remuera -> Warehouse,13.0,18563.67,5.156574999999999,True,1500.0,4200.0
870,Saturday,739,Warehouse -> New World Mt Albert -> Four Square Eden Terrace -> New World Metro Queen St -> Four Square Britomart -> Four Square St Heliers -> Four Square Remuera -> Warehouse,15.0,21779.43,6.049841666666667,True,1810.0,5600.0
871,Saturday,740,Warehouse -> New World Mt Albert -> Four Square Eden Terrace -> New World Metro Queen St -> Warehouse,9.0,12858.35,3.571763888888889,False,785.79,2800.0
872,Saturday,741,Warehouse -> New World Mt Albert -> Four Square Eden Terrace -> New World Metro Queen St -> Four Square Remuera -> Warehouse,11.0,16237.24,4.510344444444445,True,1190.0,4200.0
873,Saturday,742,Warehouse -> New World Mt Albert -> Four Square Eden Terrace -> New World Metro Queen St -> Four Square St Heliers -> Four Square Remuera -> Warehouse,13.0,19575.58,5.437661111111112,True,1500.0,4200.0
874,Saturday,743,Warehouse -> New World Newmarket -> New World Metro Queen St -> Warehouse,5.0,8785.130000000001,2.4403138888888893,False,536.87,2800.0
875,Saturday,744,Warehouse -> New World Newmarket -> New World Metro Queen St -> New World Point Chevalier -> Warehouse,10.0,14576.02,4.048894444444445,True,1190.0,4200.0
876,Saturday,745,Warehouse -> New World Victoria Park -> New World Metro Queen St -> New World Newmarket -> New World Point Chevalier -> Warehouse,14.0,19183.0,5.328611111111111,True,1500.0,4200.0
877,Saturday,746,Warehouse -> New World Victoria Park -> New World Metro Queen St -> Four Square Britomart -> New World Newmarket -> New World Point Chevalier -> Warehouse,16.0,21509.43,5.974841666666666,True,1500.0,4200.0
878,Saturday,747,Warehouse -> New World Victoria Park -> New World Metro Queen St -> New World Newmarket -> Four Square Eden Terrace -> New World Point Chevalier -> Warehouse,16.0,21560.260000000002,5.988961111111112,True,1500.0,4200.0
879,Saturday,748,Warehouse -> Four Square Britomart -> New World Metro Queen St -> New World Newmarket -> New World Point Chevalier -> Warehouse,12.0,16885.68,4.690466666666667,True,1190.0,4200.0
880,Saturday,749,Warehouse -> Four Square Britomart -> New World Metro Queen St -> New World Newmarket -> Four Square Eden Terrace -> New World Point Chevalier -> Warehouse,14.0,19262.94,5.350816666666666,True,1500.0,4200.0
881,Saturday,750,Warehouse -> Four Square Britomart -> New World Metro Queen St -> New World Newmarket -> Four Square Remuera -> Four Square Eden Terrace -> New World Point Chevalier -> Warehouse,16.0,22317.82,6.199394444444445,True,1810.0,5600.0
882,Saturday,751,Warehouse -> New World Newmarket -> New World Metro Queen St -> Four Square Eden Terrace -> New World Point Chevalier -> Warehouse,12.0,16959.5,4.710972222222222,True,1190.0,4200.0
883,Saturday,752,Warehouse -> New World Newmarket -> Four Square Remuera -> New World Metro Queen St -> Four Square Eden Terrace -> New World Point Chevalier -> Warehouse,14.0,20014.38,5.559550000000001,True,1500.0,4200.0
884,Saturday,753,Warehouse -> New World Newmarket -> Four Square Remuera -> Four Square St Heliers -> New World Metro Queen St -> Four Square Eden Terrace -> New World Point Chevalier -> Warehouse,16.0,23338.23,6.482841666666666,True,1810.0,5600.0
885,Saturday,754,Warehouse -> New World Remuera -> New World Newmarket -> New World Metro Queen St -> Warehouse,9.0,13738.630000000001,3.8162861111111113,False,839.58,2800.0
886,Saturday,755,Warehouse -> New World Newmarket -> New World Remuera -> New World Stonefields -> New World Metro Queen St -> Warehouse,13.0,18981.04,5.272511111111111,True,1500.0,4200.0
887,Saturday,756,Warehouse -> Four Square Ellerslie -> New World Stonefields -> New World Remuera -> New World Newmarket -> New World Metro Queen St -> Warehouse,15.0,21287.35,5.9131527777777775,True,1500.0,4200.0
888,Saturday,757,Warehouse -> New World Newmarket -> New World Remuera -> Four Square Remuera -> New World Stonefields -> New World Metro Queen St -> Warehouse,15.0,21217.5,5.89375,True,1500.0,4200.0
889,Saturday,758,Warehouse -> New World Newmarket -> New World Remuera -> New World Stonefields -> Four Square St Heliers -> New World Metro Queen St -> Warehouse,15.0,21954.260000000002,6.098405555555556,True,1810.0,5600.0
890,Saturday,759,Warehouse -> New World Remuera -> New World Newmarket -> New World Metro Queen St -> Four Square Eden Terrace -> Warehouse,11.0,16122.11,4.4783638888888895,True,1190.0,4200.0
891,Saturday,760,Warehouse -> New World Newmarket -> New World Remuera -> Four Square Remuera -> New World Metro Queen St -> Four Square Eden Terrace -> Warehouse,13.0,18602.7,5.167416666666667,True,1500.0,4200.0
892,Saturday,761,Warehouse -> New World Newmarket -> New World Remuera -> Four Square Remuera -> Four Square St Heliers -> New World Metro Queen St -> Four Square Eden Terrace -> Warehouse,15.0,21926.55,6.090708333333333,True,1810.0,5600.0
893,Saturday,762,Warehouse -> Four Square Ellerslie -> New World Remuera -> New World Newmarket -> New World Metro Queen St -> Warehouse,11.0,16386.94,4.551927777777777,True,1190.0,4200.0
894,Saturday,763,Warehouse -> Four Square Onehunga -> Four Square Ellerslie -> New World Remuera -> New World Newmarket -> New World Metro Queen St -> Warehouse,13.0,18230.85,5.064125,True,1500.0,4200.0
895,Saturday,764,Warehouse -> Four Square Onehunga -> Four Square Ellerslie -> Four Square Remuera -> New World Remuera -> New World Newmarket -> New World Metro Queen St -> Warehouse,15.0,20498.71,5.694086111111111,True,1500.0,4200.0
896,Saturday,765,Warehouse -> Four Square Ellerslie -> Four Square Remuera -> New World Remuera -> New World Newmarket -> New World Metro Queen St -> Warehouse,13.0,18654.8,5.1818888888888885,True,1500.0,4200.0
897,Saturday,766,Warehouse -> New World Newmarket -> New World Remuera -> Four Square Remuera -> Four Square Ellerslie -> Four Square St Heliers -> New World Metro Queen St -> Warehouse,15.0,22130.54,6.147372222222223,True,1810.0,5600.0
898,Saturday,767,Warehouse -> New World Newmarket -> New World Remuera -> Four Square Ellerslie -> Four Square St Heliers -> New World Metro Queen St -> Warehouse,13.0,19855.56,5.515433333333334,True,1500.0,4200.0
899,Saturday,768,Warehouse -> Four Square Onehunga -> New World Remuera -> New World Newmarket -> New World Metro Queen St -> Warehouse,11.0,15748.8,4.374666666666666,True,1190.0,4200.0
900,Saturday,769,Warehouse -> Four Square Onehunga -> Four Square Remuera -> New World Remuera -> New World Newmarket -> New World Metro Queen St -> Warehouse,13.0,18229.29,5.063691666666667,True,1500.0,4200.0
901,Saturday,770,Warehouse -> Four Square Onehunga -> New World Newmarket -> New World Remuera -> Four Square Remuera -> Four Square St Heliers -> New World Metro Queen St -> Warehouse,15.0,21887.0,6.079722222222222,True,1810.0,5600.0
902,Saturday,771,Warehouse -> New World Newmarket -> New World Remuera -> Four Square Remuera -> New World Metro Queen St -> Warehouse,11.0,16219.220000000001,4.505338888888889,True,1190.0,4200.0
903,Saturday,772,Warehouse -> New World Newmarket -> New World Remuera -> Four Square Remuera -> Four Square St Heliers -> New World Metro Queen St -> Warehouse,13.0,19543.07,5.428630555555555,True,1500.0,4200.0
904,Saturday,773,Warehouse -> New World Newmarket -> New World Remuera -> Four Square St Heliers -> New World Metro Queen St -> Warehouse,11.0,17341.57,4.8171027777777775,True,1190.0,4200.0
905,Saturday,774,Warehouse -> New World Victoria Park -> New World Metro Queen St -> New World Newmarket -> Warehouse,9.0,13392.11,3.7200305555555557,False,818.41,2800.0
906,Saturday,775,Warehouse -> New World Victoria Park -> New World Metro Queen St -> Four Square Britomart -> New World Newmarket -> Warehouse,11.0,15718.54,4.366261111111111,True,1190.0,4200.0
907,Saturday,776,Warehouse -> New World Victoria Park -> New World Metro Queen St -> Four Square Britomart -> New World Newmarket -> Four Square Eden Terrace -> Warehouse,13.0,18095.8,5.0266111111111105,True,1500.0,4200.0
908,Saturday,777,Warehouse -> New World Victoria Park -> New World Metro Queen St -> Four Square Britomart -> New World Newmarket -> Four Square Remuera -> Four Square Eden Terrace -> Warehouse,15.0,21150.68,5.875188888888889,True,1500.0,4200.0
909,Saturday,778,Warehouse -> New World Victoria Park -> New World Metro Queen St -> New World Newmarket -> Four Square Eden Terrace -> Warehouse,11.0,15769.369999999999,4.380380555555555,True,1190.0,4200.0
910,Saturday,779,Warehouse -> New World Victoria Park -> New World Metro Queen St -> New World Newmarket -> Four Square Remuera -> Four Square Eden Terrace -> Warehouse,13.0,18824.25,5.228958333333333,True,1500.0,4200.0
911,Saturday,780,Warehouse -> New World Victoria Park -> New World Metro Queen St -> Four Square St Heliers -> Four Square Remuera -> New World Newmarket -> Four Square Eden Terrace -> Warehouse,15.0,22209.23,6.169230555555555,True,1810.0,5600.0
912,Saturday,781,Warehouse -> Pak 'n Save Royal Oak -> New World Newmarket -> New World Metro Queen St -> Warehouse,13.0,17491.95,4.858875,True,1190.0,4200.0
913,Saturday,782,Warehouse -> New World Metro Queen St -> New World Newmarket -> Four Square Ellerslie -> Pak 'n Save Royal Oak -> Warehouse,15.0,20210.920000000002,5.614144444444445,True,1500.0,4200.0
914,Saturday,783,Warehouse -> Four Square Onehunga -> Pak 'n Save Royal Oak -> New World Newmarket -> New World Metro Queen St -> Warehouse,15.0,19857.41,5.515947222222223,True,1500.0,4200.0
915,Saturday,784,Warehouse -> Pak 'n Save Royal Oak -> Four Square Remuera -> New World Newmarket -> New World Metro Queen St -> Warehouse,15.0,20335.94,5.648872222222222,True,1500.0,4200.0
916,Saturday,785,Warehouse -> Four Square Britomart -> New World Metro Queen St -> New World Newmarket -> Warehouse,7.0,11094.79,3.0818861111111113,False,678.01,2800.0
917,Saturday,786,Warehouse -> Four Square Britomart -> New World Metro Queen St -> New World Newmarket -> Four Square Eden Terrace -> Warehouse,9.0,13472.05,3.742236111111111,False,823.29,2800.0
918,Saturday,787,Warehouse -> Four Square Britomart -> New World Metro Queen St -> New World Newmarket -> Four Square Remuera -> Four Square Eden Terrace -> Warehouse,11.0,16526.93,4.5908138888888885,True,1190.0,4200.0
919,Saturday,788,Warehouse -> New World Newmarket -> Four Square Remuera -> Four Square St Heliers -> Four Square Britomart -> New World Metro Queen St -> Four Square Eden Terrace -> Warehouse,13.0,19752.53,5.486813888888888,True,1500.0,4200.0
920,Saturday,789,Warehouse -> New World Newmarket -> New World Metro Queen St -> Four Square Eden Terrace -> Warehouse,7.0,11168.61,3.1023916666666667,False,682.53,2800.0
921,Saturday,790,Warehouse -> New World Newmarket -> Four Square Remuera -> New World Metro Queen St -> Four Square Eden Terrace -> Warehouse,9.0,14223.49,3.9509694444444445,False,869.21,2800.0
922,Saturday,791,Warehouse -> New World Newmarket -> Four Square Remuera -> Four Square St Heliers -> New World Metro Queen St -> Four Square Eden Terrace -> Warehouse,11.0,17547.34,4.874261111111111,True,1190.0,4200.0
923,Saturday,792,Warehouse -> New World Newmarket -> Four Square Ellerslie -> New World Metro Queen St -> Warehouse,7.0,11831.61,3.2865583333333337,False,723.04,2800.0
924,Saturday,793,Warehouse -> New World Metro Queen St -> New World Newmarket -> Four Square Ellerslie -> Four Square Onehunga -> Warehouse,9.0,13647.35,3.7909305555555557,False,834.0,2800.0
925,Saturday,794,Warehouse -> Four Square Onehunga -> Four Square Ellerslie -> Four Square Remuera -> New World Newmarket -> New World Metro Queen St -> Warehouse,11.0,16098.470000000001,4.471797222222222,True,1190.0,4200.0
926,Saturday,795,Warehouse -> Four Square Onehunga -> Four Square Ellerslie -> Four Square Remuera -> Four Square St Heliers -> New World Metro Queen St -> New World Newmarket -> Warehouse,13.0,19699.68,5.472133333333334,True,1500.0,4200.0
927,Saturday,796,Warehouse -> New World Newmarket -> Four Square Ellerslie -> Four Square Remuera -> New World Metro Queen St -> Warehouse,9.0,14207.93,3.9466472222222224,False,868.26,2800.0
928,Saturday,797,Warehouse -> New World Newmarket -> Four Square Ellerslie -> Four Square Remuera -> Four Square St Heliers -> New World Metro Queen St -> Warehouse,11.0,17531.78,4.869938888888888,True,1190.0,4200.0
929,Saturday,798,Warehouse -> New World Newmarket -> Four Square Ellerslie -> Four Square St Heliers -> New World Metro Queen St -> Warehouse,9.0,15216.11,4.2266972222222225,True,1190.0,4200.0
930,Saturday,799,Warehouse -> Four Square Onehunga -> New World Newmarket -> New World Metro Queen St -> Warehouse,7.0,11129.060000000001,3.0914055555555557,False,680.11,2800.0
931,Saturday,800,Warehouse -> Four Square Onehunga -> Four Square Remuera -> New World Newmarket -> New World Metro Queen St -> Warehouse,9.0,13829.05,3.8414027777777777,False,845.11,2800.0
932,Saturday,801,Warehouse -> Four Square Onehunga -> Four Square Remuera -> Four Square St Heliers -> New World Metro Queen St -> New World Newmarket -> Warehouse,11.0,17430.260000000002,4.841738888888889,True,1190.0,4200.0
933,Saturday,802,Warehouse -> New World Newmarket -> Four Square Remuera -> New World Metro Queen St -> Warehouse,7.0,11840.01,3.2888916666666668,False,723.56,2800.0
934,Saturday,803,Warehouse -> New World Newmarket -> Four Square Remuera -> Four Square St Heliers -> New World Metro Queen St -> Warehouse,9.0,15163.86,4.212183333333334,True,1190.0,4200.0
935,Saturday,804,Warehouse -> New World Metro Queen St -> New World Point Chevalier -> Warehouse,7.0,10804.26,3.0011833333333335,False,660.26,2800.0
936,Saturday,805,Warehouse -> New World Victoria Park -> New World Metro Queen St -> New World Point Chevalier -> Warehouse,11.0,15398.11,4.277252777777778,True,1190.0,4200.0
937,Saturday,806,Warehouse -> Four Square Britomart -> New World Metro Queen St -> New World Victoria Park -> New World Point Chevalier -> Warehouse,13.0,17714.68,4.920744444444445,True,1190.0,4200.0
938,Saturday,807,Warehouse -> New World Victoria Park -> Four Square Britomart -> New World Metro Queen St -> Four Square Eden Terrace -> New World Point Chevalier -> Warehouse,15.0,20110.57,5.5862694444444445,True,1500.0,4200.0
939,Saturday,808,Warehouse -> New World Victoria Park -> New World Metro Queen St -> Four Square Eden Terrace -> New World Point Chevalier -> Warehouse,13.0,17781.59,4.939330555555555,True,1190.0,4200.0
940,Saturday,809,Warehouse -> New World Victoria Park -> New World Metro Queen St -> Four Square Remuera -> Four Square Eden Terrace -> New World Point Chevalier -> Warehouse,15.0,21154.25,5.876180555555556,True,1500.0,4200.0
941,Saturday,810,Warehouse -> Pak 'n Save Henderson -> New World Point Chevalier -> New World Metro Queen St -> Warehouse,16.0,22349.95,6.208319444444444,True,1810.0,5600.0
942,Saturday,811,Warehouse -> Pak 'n Save Lincoln Road -> New World Point Chevalier -> New World Metro Queen St -> Warehouse,15.0,20760.76,5.766877777777777,True,1500.0,4200.0
943,Saturday,812,Warehouse -> Pak 'n Save Mt Albert -> New World Point Chevalier -> New World Metro Queen St -> Warehouse,15.0,19508.22,5.418950000000001,True,1500.0,4200.0
944,Saturday,813,Warehouse -> Pak 'n Save Westgate -> New World Point Chevalier -> New World Metro Queen St -> Warehouse,14.0,20077.86,5.577183333333333,True,1500.0,4200.0
945,Saturday,814,Warehouse -> Four Square Fair Price Henderson -> Pak 'n Save Westgate -> New World Point Chevalier -> New World Metro Queen St -> Warehouse,16.0,23036.38,6.398994444444445,True,1810.0,5600.0
946,Saturday,815,Warehouse -> Pak 'n Save Westgate -> Four Square Hobsonville -> New World Point Chevalier -> New World Metro Queen St -> Warehouse,16.0,23003.34,6.3898166666666665,True,1810.0,5600.0
947,Saturday,816,Warehouse -> Four Square Britomart -> New World Metro Queen St -> New World Point Chevalier -> Warehouse,9.0,13100.79,3.6391083333333336,False,800.6,2800.0
948,Saturday,817,Warehouse -> Four Square Britomart -> New World Metro Queen St -> Four Square Eden Terrace -> New World Point Chevalier -> Warehouse,11.0,15484.27,4.301186111111111,True,1190.0,4200.0
949,Saturday,818,Warehouse -> Four Square Britomart -> New World Metro Queen St -> Four Square Remuera -> Four Square Eden Terrace -> New World Point Chevalier -> Warehouse,13.0,18856.93,5.238036111111112,True,1500.0,4200.0
950,Saturday,819,Warehouse -> Four Square Remuera -> Four Square St Heliers -> Four Square Britomart -> New World Metro Queen St -> Four Square Eden Terrace -> New World Point Chevalier -> Warehouse,15.0,22082.52,6.134033333333334,True,1810.0,5600.0
951,Saturday,820,Warehouse -> Four Square Eden Terrace -> New World Metro Queen St -> New World Point Chevalier -> Warehouse,9.0,13186.060000000001,3.6627944444444447,False,805.81,2800.0
952,Saturday,821,Warehouse -> Four Square Remuera -> New World Metro Queen St -> Four Square Eden Terrace -> New World Point Chevalier -> Warehouse,11.0,16553.48,4.598188888888889,True,1190.0,4200.0
953,Saturday,822,Warehouse -> Four Square Remuera -> Four Square St Heliers -> New World Metro Queen St -> Four Square Eden Terrace -> New World Point Chevalier -> Warehouse,13.0,19877.33,5.521480555555556,True,1500.0,4200.0
954,Saturday,823,Warehouse -> New World Victoria Park -> New World Metro Queen St -> Warehouse,6.0,9607.220000000001,2.6686722222222223,False,587.11,2800.0
955,Saturday,824,Warehouse -> Four Square Britomart -> New World Metro Queen St -> New World Victoria Park -> Warehouse,8.0,11923.79,3.312163888888889,False,728.68,2800.0
956,Saturday,825,Warehouse -> New World Victoria Park -> Four Square Britomart -> New World Metro Queen St -> Four Square Eden Terrace -> Warehouse,10.0,14319.68,3.977688888888889,False,875.09,2800.0
957,Saturday,826,Warehouse -> New World Victoria Park -> New World Metro Queen St -> Four Square Britomart -> Four Square Remuera -> Four Square Eden Terrace -> Warehouse,12.0,17689.79,4.913830555555556,True,1190.0,4200.0
958,Saturday,827,Warehouse -> New World Victoria Park -> New World Metro Queen St -> Four Square Britomart -> Four Square St Heliers -> Four Square Remuera -> Four Square Eden Terrace -> Warehouse,14.0,20905.55,5.807097222222222,True,1500.0,4200.0
959,Saturday,828,Warehouse -> New World Victoria Park -> New World Metro Queen St -> Four Square Eden Terrace -> Warehouse,8.0,11990.7,3.33075,False,732.76,2800.0
960,Saturday,829,Warehouse -> New World Victoria Park -> New World Metro Queen St -> Four Square Remuera -> Four Square Eden Terrace -> Warehouse,10.0,15363.36,4.2676,True,1190.0,4200.0
961,Saturday,830,Warehouse -> New World Victoria Park -> New World Metro Queen St -> Four Square St Heliers -> Four Square Remuera -> Four Square Eden Terrace -> Warehouse,12.0,18701.7,5.194916666666667,True,1500.0,4200.0
962,Saturday,831,Warehouse -> Four Square Britomart -> New World Metro Queen St -> Warehouse,4.0,7309.9,2.0305277777777775,False,446.72,2800.0
963,Saturday,832,Warehouse -> Four Square Britomart -> New World Metro Queen St -> Four Square Eden Terrace -> Warehouse,6.0,9693.380000000001,2.6926055555555557,False,592.37,2800.0
964,Saturday,833,Warehouse -> Four Square Britomart -> New World Metro Queen St -> Four Square Remuera -> Four Square Eden Terrace -> Warehouse,8.0,13066.04,3.629455555555556,False,798.48,2800.0
965,Saturday,834,Warehouse -> Four Square Remuera -> Four Square St Heliers -> Four Square Britomart -> New World Metro Queen St -> Four Square Eden Terrace -> Warehouse,10.0,16291.630000000001,4.525452777777778,True,1190.0,4200.0
966,Saturday,835,Warehouse -> Four Square Eden Terrace -> New World Metro Queen St -> Warehouse,4.0,7395.17,2.054213888888889,False,451.93,2800.0
967,Saturday,836,Warehouse -> Four Square Remuera -> New World Metro Queen St -> Four Square Eden Terrace -> Warehouse,6.0,10762.59,2.9896083333333334,False,657.71,2800.0
968,Saturday,837,Warehouse -> Four Square Remuera -> Four Square St Heliers -> New World Metro Queen St -> Four Square Eden Terrace -> Warehouse,8.0,14086.44,3.9129,False,860.84,2800.0
969,Saturday,838,Warehouse -> New World Milford -> Warehouse,5.0,9927.21,2.757558333333333,False,606.66,2800.0
970,Saturday,839,Warehouse -> Pak 'n Save Albany -> New World Milford -> Warehouse,13.0,19723.62,5.478783333333333,True,1500.0,4200.0
971,Saturday,840,Warehouse -> Four Square Hobsonville -> Pak 'n Save Albany -> New World Milford -> Warehouse,15.0,22266.760000000002,6.185211111111112,True,1810.0,5600.0
972,Saturday,841,Warehouse -> Four Square Lancaster -> Pak 'n Save Albany -> New World Milford -> Warehouse,15.0,22944.9,6.373583333333333,True,1810.0,5600.0
973,Saturday,842,Warehouse -> Pak 'n Save Albany -> Four Square Torbay -> New World Milford -> Warehouse,15.0,23290.010000000002,6.469447222222223,True,1810.0,5600.0
974,Saturday,843,Warehouse -> Pak 'n Save Wairau Road -> New World Milford -> Warehouse,11.0,16588.55,4.607930555555555,True,1190.0,4200.0
975,Saturday,844,Warehouse -> Four Square Lancaster -> Pak 'n Save Wairau Road -> New World Milford -> Warehouse,13.0,19687.5,5.46875,True,1500.0,4200.0
976,Saturday,845,Warehouse -> Four Square Torbay -> Pak 'n Save Wairau Road -> New World Milford -> Warehouse,13.0,20948.36,5.818988888888889,True,1500.0,4200.0
977,Saturday,846,Warehouse -> Four Square Lancaster -> New World Milford -> Warehouse,7.0,13185.43,3.6626194444444446,False,805.78,2800.0
978,Saturday,847,Warehouse -> Four Square Torbay -> New World Milford -> Warehouse,7.0,14240.15,3.955597222222222,False,870.23,2800.0
979,Saturday,848,Warehouse -> New World Mt Albert -> Warehouse,5.0,6853.78,1.9038277777777777,False,418.84,1400.0
980,Saturday,849,Warehouse -> New World Mt Roskill -> New World Mt Albert -> Warehouse,8.0,10135.22,2.815338888888889,False,619.37,2800.0
981,Saturday,850,Warehouse -> New World New Lynn -> New World Mt Albert -> New World Mt Roskill -> Warehouse,12.0,15407.08,4.279744444444445,True,1190.0,4200.0
982,Saturday,851,Warehouse -> Four Square Glen Eden -> New World New Lynn -> New World Mt Albert -> New World Mt Roskill -> Warehouse,14.0,18649.62,5.1804499999999996,True,1500.0,4200.0
983,Saturday,852,Warehouse -> New World Mt Albert -> New World Mt Roskill -> Pak 'n Save Mangere -> Warehouse,16.0,20746.91,5.763030555555556,True,1500.0,4200.0
984,Saturday,853,Warehouse -> New World Mt Roskill -> Pak 'n Save Mt Albert -> New World Mt Albert -> Warehouse,16.0,19050.96,5.291933333333333,True,1500.0,4200.0
985,Saturday,854,Warehouse -> New World Mt Roskill -> Pak 'n Save Royal Oak -> New World Mt Albert -> Warehouse,16.0,19647.67,5.45768611111111,True,1500.0,4200.0
986,Saturday,855,Warehouse -> New World Mt Roskill -> Four Square Onehunga -> New World Mt Albert -> Warehouse,10.0,13306.07,3.6961305555555555,False,813.15,2800.0
987,Saturday,856,Warehouse -> New World Mt Roskill -> Four Square Onehunga -> Four Square Remuera -> New World Mt Albert -> Warehouse,12.0,16354.01,4.542780555555556,True,1190.0,4200.0
988,Saturday,857,Warehouse -> New World Mt Roskill -> Four Square Onehunga -> Four Square Remuera -> Four Square St Heliers -> New World Mt Albert -> Warehouse,14.0,19938.25,5.538402777777778,True,1500.0,4200.0
989,Saturday,858,Warehouse -> New World New Lynn -> New World Mt Albert -> Warehouse,9.0,12122.3,3.3673055555555553,False,740.81,2800.0
990,Saturday,859,Warehouse -> New World New Lynn -> New World Point Chevalier -> New World Mt Albert -> Warehouse,14.0,17963.2,4.989777777777778,True,1190.0,4200.0
991,Saturday,860,Warehouse -> New World New Lynn -> New World Point Chevalier -> Four Square Britomart -> New World Mt Albert -> Warehouse,16.0,21477.19,5.965886111111111,True,1500.0,4200.0
992,Saturday,861,Warehouse -> New World Mt Albert -> Four Square Eden Terrace -> New World Point Chevalier -> New World New Lynn -> Warehouse,16.0,20851.56,5.7921000000000005,True,1500.0,4200.0
993,Saturday,862,Warehouse -> Four Square Glen Eden -> New World New Lynn -> New World Mt Albert -> Warehouse,11.0,15364.84,4.268011111111111,True,1190.0,4200.0
994,Saturday,863,Warehouse -> New World Mt Albert -> New World Point Chevalier -> Warehouse,10.0,12908.720000000001,3.585755555555556,False,788.87,2800.0
995,Saturday,864,Warehouse -> New World Mt Albert -> New World Victoria Park -> New World Point Chevalier -> Warehouse,14.0,18379.53,5.105424999999999,True,1500.0,4200.0
996,Saturday,865,Warehouse -> New World Mt Albert -> New World Victoria Park -> Four Square Britomart -> New World Point Chevalier -> Warehouse,16.0,20978.87,5.8274638888888886,True,1500.0,4200.0
997,Saturday,866,Warehouse -> New World Mt Albert -> New World Victoria Park -> Four Square Eden Terrace -> New World Point Chevalier -> Warehouse,16.0,20850.9,5.791916666666667,True,1500.0,4200.0
998,Saturday,867,Warehouse -> New World Mt Albert -> New World Point Chevalier -> Four Square Britomart -> Warehouse,12.0,16385.72,4.551588888888889,True,1190.0,4200.0
999,Saturday,868,Warehouse -> New World Mt Albert -> Four Square Eden Terrace -> Four Square Britomart -> New World Point Chevalier -> Warehouse,14.0,18815.71,5.226586111111111,True,1500.0,4200.0
1000,Saturday,869,Warehouse -> New World Mt Albert -> New World Point Chevalier -> Four Square Britomart -> Four Square Remuera -> Four Square Eden Terrace -> Warehouse,16.0,22141.82,6.150505555555555,True,1810.0,5600.0
1001,Saturday,870,Warehouse -> New World Mt Albert -> Four Square Eden Terrace -> New World Point Chevalier -> Warehouse,12.0,15786.619999999999,4.385172222222222,True,1190.0,4200.0
1002,Saturday,871,Warehouse -> New World Mt Albert -> New World Point Chevalier -> Four Square Remuera -> Four Square Eden Terrace -> Warehouse,14.0,19247.36,5.346488888888889,True,1500.0,4200.0
1003,Saturday,872,Warehouse -> New World Mt Albert -> Four Square Eden Terrace -> Four Square Remuera -> Four Square St Heliers -> New World Point Chevalier -> Warehouse,16.0,22839.17,6.344213888888889,True,1810.0,5600.0
1004,Saturday,873,Warehouse -> New World Mt Albert -> New World Victoria Park -> Warehouse,9.0,12588.64,3.496844444444444,False,769.31,2800.0
1005,Saturday,874,Warehouse -> New World Mt Albert -> New World Victoria Park -> Four Square Britomart -> Warehouse,11.0,15187.98,4.218883333333333,True,1190.0,4200.0
1006,Saturday,875,Warehouse -> New World Mt Albert -> New World Victoria Park -> Four Square Britomart -> Four Square Eden Terrace -> Warehouse,13.0,17636.93,4.899147222222222,True,1190.0,4200.0
1007,Saturday,876,Warehouse -> New World Mt Albert -> New World Victoria Park -> Four Square Britomart -> Four Square Remuera -> Four Square Eden Terrace -> Warehouse,15.0,20944.08,5.8178,True,1500.0,4200.0
1008,Saturday,877,Warehouse -> New World Mt Albert -> New World Victoria Park -> Four Square Eden Terrace -> Warehouse,11.0,15060.01,4.183336111111111,True,1190.0,4200.0
1009,Saturday,878,Warehouse -> New World Mt Albert -> Four Square Eden Terrace -> Four Square Remuera -> New World Victoria Park -> Warehouse,13.0,18493.88,5.137188888888889,True,1500.0,4200.0
1010,Saturday,879,Warehouse -> New World Mt Albert -> New World Victoria Park -> Four Square Eden Terrace -> Four Square Remuera -> Four Square St Heliers -> Warehouse,15.0,22112.559999999998,6.142377777777777,True,1810.0,5600.0
1011,Saturday,880,Warehouse -> Pak 'n Save Mt Albert -> New World Mt Albert -> Warehouse,13.0,15785.73,4.384925,True,1190.0,4200.0
1012,Saturday,881,Warehouse -> New World Mt Albert -> Four Square Eden Terrace -> Pak 'n Save Mt Albert -> Warehouse,15.0,18921.75,5.2560416666666665,True,1500.0,4200.0
1013,Saturday,882,Warehouse -> Four Square Glen Eden -> Pak 'n Save Mt Albert -> New World Mt Albert -> Warehouse,15.0,19562.3,5.433972222222222,True,1500.0,4200.0
1014,Saturday,883,Warehouse -> Pak 'n Save Royal Oak -> New World Mt Albert -> Warehouse,13.0,16366.220000000001,4.546172222222222,True,1190.0,4200.0
1015,Saturday,884,Warehouse -> Pak 'n Save Royal Oak -> Four Square Ellerslie -> New World Mt Albert -> Warehouse,15.0,19472.56,5.4090444444444445,True,1500.0,4200.0
1016,Saturday,885,Warehouse -> Four Square Onehunga -> Pak 'n Save Royal Oak -> New World Mt Albert -> Warehouse,15.0,18731.68,5.203244444444445,True,1500.0,4200.0
1017,Saturday,886,Warehouse -> Pak 'n Save Royal Oak -> Four Square Remuera -> New World Mt Albert -> Warehouse,15.0,19579.46,5.438738888888889,True,1500.0,4200.0
1018,Saturday,887,Warehouse -> Four Square Britomart -> New World Mt Albert -> Warehouse,7.0,10645.77,2.9571583333333336,False,650.57,2800.0
1019,Saturday,888,Warehouse -> New World Mt Albert -> Four Square Eden Terrace -> Four Square Britomart -> Warehouse,9.0,13024.82,3.6180055555555555,False,795.96,2800.0
1020,Saturday,889,Warehouse -> New World Mt Albert -> Four Square Eden Terrace -> Four Square Remuera -> Four Square Britomart -> Warehouse,11.0,16385.27,4.551463888888889,True,1190.0,4200.0
1021,Saturday,890,Warehouse -> New World Mt Albert -> Four Square Eden Terrace -> Four Square Remuera -> Four Square St Heliers -> Four Square Britomart -> Warehouse,13.0,19577.9,5.438305555555556,True,1500.0,4200.0
1022,Saturday,891,Warehouse -> New World Mt Albert -> Four Square Eden Terrace -> Warehouse,7.0,9995.73,2.7765916666666666,False,610.85,2800.0
1023,Saturday,892,Warehouse -> New World Mt Albert -> Four Square Eden Terrace -> Four Square Remuera -> Warehouse,9.0,13464.04,3.7400111111111114,False,822.8,2800.0
1024,Saturday,893,Warehouse -> New World Mt Albert -> Four Square Eden Terrace -> Four Square Remuera -> Four Square St Heliers -> Warehouse,11.0,17048.28,4.735633333333333,True,1190.0,4200.0
1025,Saturday,894,Warehouse -> New World Mt Roskill -> Warehouse,3.0,3632.66,1.0090722222222221,False,222.0,1400.0
1026,Saturday,895,Warehouse -> New World New Lynn -> New World Mt Roskill -> Warehouse,7.0,9349.36,2.5970444444444447,False,571.35,2800.0
1027,Saturday,896,Warehouse -> New World New Lynn -> New World Point Chevalier -> New World Mt Roskill -> Warehouse,12.0,15746.42,4.374005555555556,True,1190.0,4200.0
1028,Saturday,897,Warehouse -> New World Mt Roskill -> New World Victoria Park -> New World Point Chevalier -> New World New Lynn -> Warehouse,16.0,21248.66,5.902405555555555,True,1500.0,4200.0
1029,Saturday,898,Warehouse -> New World Mt Roskill -> Four Square Britomart -> New World Point Chevalier -> New World New Lynn -> Warehouse,14.0,19221.7,5.339361111111112,True,1500.0,4200.0
1030,Saturday,899,Warehouse -> New World Mt Roskill -> Four Square Britomart -> Four Square Eden Terrace -> New World Point Chevalier -> New World New Lynn -> Warehouse,16.0,21670.65,6.0196250000000004,True,1810.0,5600.0
1031,Saturday,900,Warehouse -> New World Mt Roskill -> Four Square Eden Terrace -> New World Point Chevalier -> New World New Lynn -> Warehouse,14.0,18669.82,5.186061111111111,True,1500.0,4200.0
1032,Saturday,901,Warehouse -> New World Mt Roskill -> Four Square Remuera -> Four Square Eden Terrace -> New World Point Chevalier -> New World New Lynn -> Warehouse,16.0,22083.34,6.134261111111111,True,1810.0,5600.0
1033,Saturday,902,Warehouse -> New World Mt Roskill -> Pak 'n Save Henderson -> New World New Lynn -> Warehouse,16.0,20952.19,5.820052777777778,True,1500.0,4200.0
1034,Saturday,903,Warehouse -> New World Mt Roskill -> Pak 'n Save Mt Albert -> New World New Lynn -> Warehouse,15.0,18217.47,5.060408333333334,True,1500.0,4200.0
1035,Saturday,904,Warehouse -> Four Square Glen Eden -> New World New Lynn -> New World Mt Roskill -> Warehouse,9.0,12591.900000000001,3.4977500000000004,False,769.51,2800.0
1036,Saturday,905,Warehouse -> New World Mt Roskill -> Pak 'n Save Mangere -> Warehouse,11.0,14241.01,3.955836111111111,False,870.28,2800.0
1037,Saturday,906,Warehouse -> New World Mt Roskill -> Four Square Onehunga -> Pak 'n Save Mangere -> Warehouse,13.0,16831.31,4.6753638888888895,True,1190.0,4200.0
1038,Saturday,907,Warehouse -> New World Mt Roskill -> Four Square Onehunga -> Four Square Remuera -> Pak 'n Save Mangere -> Warehouse,15.0,20501.4,5.694833333333333,True,1500.0,4200.0
1039,Saturday,908,Warehouse -> New World Mt Roskill -> Pak 'n Save Mt Albert -> Warehouse,11.0,13204.5,3.6679166666666667,False,806.94,2800.0
1040,Saturday,909,Warehouse -> New World Mt Roskill -> Pak 'n Save Mt Albert -> Four Square Eden Terrace -> Warehouse,13.0,16713.08,4.642522222222222,True,1190.0,4200.0
1041,Saturday,910,Warehouse -> Four Square Remuera -> Four Square Eden Terrace -> Pak 'n Save Mt Albert -> New World Mt Roskill -> Warehouse,15.0,20148.88,5.596911111111112,True,1500.0,4200.0
1042,Saturday,911,Warehouse -> Four Square Glen Eden -> Pak 'n Save Mt Albert -> New World Mt Roskill -> Warehouse,13.0,16992.63,4.720175,True,1190.0,4200.0
1043,Saturday,912,Warehouse -> New World Mt Roskill -> Pak 'n Save Royal Oak -> Warehouse,11.0,13534.99,3.7597194444444444,False,827.14,2800.0
1044,Saturday,913,Warehouse -> New World Mt Roskill -> Pak 'n Save Royal Oak -> Four Square Ellerslie -> Warehouse,13.0,17192.67,4.775741666666666,True,1190.0,4200.0
1045,Saturday,914,Warehouse -> New World Mt Roskill -> Pak 'n Save Royal Oak -> Four Square Ellerslie -> Four Square Onehunga -> Warehouse,15.0,18995.27,5.276463888888889,True,1500.0,4200.0
1046,Saturday,915,Warehouse -> New World Mt Roskill -> Pak 'n Save Royal Oak -> Four Square Ellerslie -> Four Square Remuera -> Warehouse,15.0,19568.989999999998,5.435830555555555,True,1500.0,4200.0
1047,Saturday,916,Warehouse -> New World Mt Roskill -> Pak 'n Save Royal Oak -> Four Square Ellerslie -> Four Square St Heliers -> Warehouse,15.0,20837.559999999998,5.78821111111111,True,1500.0,4200.0
1048,Saturday,917,Warehouse -> New World Mt Roskill -> Pak 'n Save Royal Oak -> Four Square Onehunga -> Warehouse,13.0,15856.94,4.404705555555556,True,1190.0,4200.0
1049,Saturday,918,Warehouse -> New World Mt Roskill -> Pak 'n Save Royal Oak -> Four Square Remuera -> Four Square Onehunga -> Warehouse,15.0,19332.85,5.370236111111111,True,1500.0,4200.0
1050,Saturday,919,Warehouse -> New World Mt Roskill -> Pak 'n Save Royal Oak -> Four Square Remuera -> Warehouse,13.0,17299.57,4.805436111111111,True,1190.0,4200.0
1051,Saturday,920,Warehouse -> New World Mt Roskill -> Pak 'n Save Royal Oak -> Four Square Remuera -> Four Square St Heliers -> Warehouse,15.0,20883.809999999998,5.801058333333333,True,1500.0,4200.0
1052,Saturday,921,Warehouse -> New World Mt Roskill -> Four Square Onehunga -> Warehouse,5.0,6995.87,1.9432972222222222,False,427.53,1400.0
1053,Saturday,922,Warehouse -> New World Mt Roskill -> Four Square Onehunga -> Four Square Remuera -> Warehouse,7.0,10792.67,2.997963888888889,False,659.55,2800.0
1054,Saturday,923,Warehouse -> New World Mt Roskill -> Four Square Onehunga -> Four Square Remuera -> Four Square St Heliers -> Warehouse,9.0,14376.91,3.993586111111111,False,878.59,2800.0
1055,Saturday,924,Warehouse -> New World New Lynn -> Warehouse,4.0,5981.6900000000005,1.6615805555555556,False,365.55,1400.0
1056,Saturday,925,Warehouse -> New World New Lynn -> New World Point Chevalier -> Warehouse,9.0,12438.85,3.455236111111111,False,760.15,2800.0
1057,Saturday,926,Warehouse -> New World New Lynn -> New World Point Chevalier -> New World Victoria Park -> Warehouse,13.0,17942.81,4.984113888888889,True,1190.0,4200.0
1058,Saturday,927,Warehouse -> New World New Lynn -> New World Point Chevalier -> New World Victoria Park -> Four Square Britomart -> Warehouse,15.0,20542.15,5.7061527777777785,True,1500.0,4200.0
1059,Saturday,928,Warehouse -> New World New Lynn -> New World Point Chevalier -> New World Victoria Park -> Four Square Eden Terrace -> Warehouse,15.0,20414.18,5.6706055555555555,True,1500.0,4200.0
1060,Saturday,929,Warehouse -> New World New Lynn -> Pak 'n Save Westgate -> New World Point Chevalier -> Warehouse,16.0,21689.85,6.024958333333333,True,1810.0,5600.0
1061,Saturday,930,Warehouse -> New World New Lynn -> New World Point Chevalier -> Four Square Britomart -> Warehouse,11.0,15915.85,4.421069444444445,True,1190.0,4200.0
1062,Saturday,931,Warehouse -> New World New Lynn -> New World Point Chevalier -> Four Square Britomart -> Four Square Eden Terrace -> Warehouse,13.0,18364.8,5.101333333333333,True,1500.0,4200.0
1063,Saturday,932,Warehouse -> New World New Lynn -> New World Point Chevalier -> Four Square Britomart -> Four Square Remuera -> Four Square Eden Terrace -> Warehouse,15.0,21671.95,6.019986111111112,True,1810.0,5600.0
1064,Saturday,933,Warehouse -> New World New Lynn -> New World Point Chevalier -> Four Square Eden Terrace -> Warehouse,11.0,15363.970000000001,4.267769444444445,True,1190.0,4200.0
1065,Saturday,934,Warehouse -> New World New Lynn -> New World Point Chevalier -> Four Square Remuera -> Four Square Eden Terrace -> Warehouse,13.0,18777.489999999998,5.215969444444444,True,1500.0,4200.0
1066,Saturday,935,Warehouse -> New World New Lynn -> New World Point Chevalier -> Four Square Eden Terrace -> Four Square Remuera -> Four Square St Heliers -> Warehouse,15.0,22416.52,6.226811111111111,True,1810.0,5600.0
1067,Saturday,936,Warehouse -> Pak 'n Save Henderson -> New World New Lynn -> Warehouse,13.0,17670.75,4.908541666666666,True,1190.0,4200.0
1068,Saturday,937,Warehouse -> Four Square Fair Price Henderson -> Pak 'n Save Henderson -> New World New Lynn -> Warehouse,15.0,20166.79,5.601886111111112,True,1500.0,4200.0
1069,Saturday,938,Warehouse -> New World New Lynn -> Four Square Glen Eden -> Pak 'n Save Henderson -> Warehouse,15.0,20104.24,5.584511111111111,True,1500.0,4200.0
1070,Saturday,939,Warehouse -> New World New Lynn -> Pak 'n Save Mt Albert -> Warehouse,12.0,14943.84,4.151066666666667,True,1190.0,4200.0
1071,Saturday,940,Warehouse -> New World New Lynn -> Pak 'n Save Mt Albert -> Four Square Eden Terrace -> Warehouse,14.0,18452.42,5.125672222222222,True,1500.0,4200.0
1072,Saturday,941,Warehouse -> Four Square Remuera -> Four Square Eden Terrace -> Pak 'n Save Mt Albert -> New World New Lynn -> Warehouse,16.0,21885.06,6.079183333333334,True,1810.0,5600.0
1073,Saturday,942,Warehouse -> Four Square Glen Eden -> New World New Lynn -> Pak 'n Save Mt Albert -> Warehouse,14.0,18186.38,5.0517722222222226,True,1500.0,4200.0
1074,Saturday,943,Warehouse -> Four Square Glen Eden -> New World New Lynn -> Warehouse,6.0,9224.23,2.562286111111111,False,563.7,2800.0
1075,Saturday,944,Warehouse -> New World Newmarket -> Warehouse,3.0,5974.83,1.659675,False,365.13,1400.0
1076,Saturday,945,Warehouse -> New World Newmarket -> New World Point Chevalier -> Warehouse,8.0,11765.720000000001,3.2682555555555557,False,719.02,2800.0
1077,Saturday,946,Warehouse -> New World Newmarket -> New World Victoria Park -> New World Point Chevalier -> Warehouse,12.0,16795.57,4.665436111111111,True,1190.0,4200.0
1078,Saturday,947,Warehouse -> New World Victoria Park -> Four Square Britomart -> New World Newmarket -> New World Point Chevalier -> Warehouse,14.0,19286.47,5.357352777777778,True,1500.0,4200.0
1079,Saturday,948,Warehouse -> New World Victoria Park -> Four Square Britomart -> New World Newmarket -> Four Square Eden Terrace -> New World Point Chevalier -> Warehouse,16.0,21663.73,6.017702777777778,True,1810.0,5600.0
1080,Saturday,949,Warehouse -> New World Newmarket -> Four Square Eden Terrace -> New World Victoria Park -> New World Point Chevalier -> Warehouse,14.0,19227.02,5.340838888888889,True,1500.0,4200.0
1081,Saturday,950,Warehouse -> New World Newmarket -> Four Square Remuera -> Four Square Eden Terrace -> New World Victoria Park -> New World Point Chevalier -> Warehouse,16.0,22281.9,6.189416666666667,True,1810.0,5600.0
1082,Saturday,951,Warehouse -> Pak 'n Save Lincoln Road -> New World Point Chevalier -> New World Newmarket -> Warehouse,16.0,21722.21,6.033947222222222,True,1810.0,5600.0
1083,Saturday,952,Warehouse -> Pak 'n Save Mt Albert -> New World Point Chevalier -> New World Newmarket -> Warehouse,16.0,20469.67,5.686019444444444,True,1500.0,4200.0
1084,Saturday,953,Warehouse -> Pak 'n Save Westgate -> New World Point Chevalier -> New World Newmarket -> Warehouse,15.0,21039.309999999998,5.844252777777777,True,1500.0,4200.0
1085,Saturday,954,Warehouse -> Four Square Britomart -> New World Newmarket -> New World Point Chevalier -> Warehouse,10.0,14660.17,4.072269444444444,True,1190.0,4200.0
1086,Saturday,955,Warehouse -> Four Square Britomart -> New World Newmarket -> Four Square Eden Terrace -> New World Point Chevalier -> Warehouse,12.0,17037.43,4.7326194444444445,True,1190.0,4200.0
1087,Saturday,956,Warehouse -> Four Square Britomart -> New World Newmarket -> Four Square Remuera -> Four Square Eden Terrace -> New World Point Chevalier -> Warehouse,14.0,20092.31,5.581197222222222,True,1500.0,4200.0
1088,Saturday,957,Warehouse -> Four Square Britomart -> Four Square St Heliers -> Four Square Remuera -> New World Newmarket -> Four Square Eden Terrace -> New World Point Chevalier -> Warehouse,16.0,23354.71,6.487419444444444,True,1810.0,5600.0
1089,Saturday,958,Warehouse -> New World Newmarket -> Four Square Eden Terrace -> New World Point Chevalier -> Warehouse,10.0,14142.98,3.9286055555555555,False,864.29,2800.0
1090,Saturday,959,Warehouse -> New World Newmarket -> Four Square Remuera -> Four Square Eden Terrace -> New World Point Chevalier -> Warehouse,12.0,17197.86,4.777183333333333,True,1190.0,4200.0
1091,Saturday,960,Warehouse -> New World Newmarket -> Four Square St Heliers -> Four Square Remuera -> Four Square Eden Terrace -> New World Point Chevalier -> Warehouse,14.0,20797.85,5.777180555555555,True,1500.0,4200.0
1092,Saturday,961,Warehouse -> New World Remuera -> New World Newmarket -> Warehouse,7.0,10928.33,3.0356472222222224,False,667.84,2800.0
1093,Saturday,962,Warehouse -> New World Newmarket -> New World Remuera -> New World Stonefields -> Warehouse,11.0,16170.75,4.491875,True,1190.0,4200.0
1094,Saturday,963,Warehouse -> Four Square Ellerslie -> New World Stonefields -> New World Remuera -> New World Newmarket -> Warehouse,13.0,18477.05,5.132513888888889,True,1500.0,4200.0
1095,Saturday,964,Warehouse -> Four Square Onehunga -> Four Square Ellerslie -> New World Stonefields -> New World Remuera -> New World Newmarket -> Warehouse,15.0,20320.96,5.644711111111111,True,1500.0,4200.0
1096,Saturday,965,Warehouse -> Four Square Ellerslie -> New World Stonefields -> Four Square Remuera -> New World Remuera -> New World Newmarket -> Warehouse,15.0,20717.41,5.7548361111111115,True,1500.0,4200.0
1097,Saturday,966,Warehouse -> Four Square Ellerslie -> New World Stonefields -> Four Square St Heliers -> New World Remuera -> New World Newmarket -> Warehouse,15.0,21820.14,6.06115,True,1810.0,5600.0
1098,Saturday,967,Warehouse -> New World Newmarket -> New World Remuera -> Four Square Remuera -> New World Stonefields -> Warehouse,13.0,18407.21,5.113113888888889,True,1500.0,4200.0
1099,Saturday,968,Warehouse -> New World Newmarket -> New World Remuera -> Four Square Remuera -> New World Stonefields -> Four Square St Heliers -> Warehouse,15.0,21640.82,6.011338888888889,True,1810.0,5600.0
1100,Saturday,969,Warehouse -> New World Newmarket -> New World Remuera -> New World Stonefields -> Four Square St Heliers -> Warehouse,13.0,19404.36,5.3901,True,1500.0,4200.0
1101,Saturday,970,Warehouse -> Pak 'n Save Royal Oak -> New World Remuera -> New World Newmarket -> Warehouse,15.0,19445.38,5.401494444444444,True,1500.0,4200.0
1102,Saturday,971,Warehouse -> New World Remuera -> New World Newmarket -> Four Square Eden Terrace -> Warehouse,9.0,13305.59,3.695997222222222,False,813.12,2800.0
1103,Saturday,972,Warehouse -> New World Newmarket -> New World Remuera -> Four Square Remuera -> Four Square Eden Terrace -> Warehouse,11.0,15786.18,4.38505,True,1190.0,4200.0
1104,Saturday,973,Warehouse -> Four Square Eden Terrace -> New World Newmarket -> New World Remuera -> Four Square Remuera -> Four Square St Heliers -> Warehouse,13.0,19425.21,5.3958916666666665,True,1500.0,4200.0
1105,Saturday,974,Warehouse -> Four Square Ellerslie -> New World Remuera -> New World Newmarket -> Warehouse,9.0,13576.64,3.771288888888889,False,829.68,2800.0
1106,Saturday,975,Warehouse -> Four Square Onehunga -> Four Square Ellerslie -> New World Remuera -> New World Newmarket -> Warehouse,11.0,15420.55,4.283486111111111,True,1190.0,4200.0
1107,Saturday,976,Warehouse -> Four Square Onehunga -> Four Square Ellerslie -> Four Square Remuera -> New World Remuera -> New World Newmarket -> Warehouse,13.0,17688.41,4.9134472222222225,True,1190.0,4200.0
1108,Saturday,977,Warehouse -> Four Square Onehunga -> Four Square Ellerslie -> Four Square St Heliers -> Four Square Remuera -> New World Remuera -> New World Newmarket -> Warehouse,15.0,21355.13,5.931980555555556,True,1500.0,4200.0
1109,Saturday,978,Warehouse -> Four Square Ellerslie -> Four Square Remuera -> New World Remuera -> New World Newmarket -> Warehouse,11.0,15844.5,4.40125,True,1190.0,4200.0
1110,Saturday,979,Warehouse -> Four Square Ellerslie -> Four Square St Heliers -> Four Square Remuera -> New World Remuera -> New World Newmarket -> Warehouse,13.0,19511.22,5.419783333333334,True,1500.0,4200.0
1111,Saturday,980,Warehouse -> Four Square Ellerslie -> Four Square St Heliers -> New World Remuera -> New World Newmarket -> Warehouse,11.0,17292.97,4.803602777777778,True,1190.0,4200.0
1112,Saturday,981,Warehouse -> Four Square Onehunga -> New World Remuera -> New World Newmarket -> Warehouse,9.0,12938.5,3.594027777777778,False,790.69,2800.0
1113,Saturday,982,Warehouse -> Four Square Onehunga -> Four Square Remuera -> New World Remuera -> New World Newmarket -> Warehouse,11.0,15418.99,4.283052777777778,True,1190.0,4200.0
1114,Saturday,983,Warehouse -> Four Square Onehunga -> New World Remuera -> Four Square Remuera -> Four Square St Heliers -> New World Newmarket -> Warehouse,13.0,19118.33,5.310647222222222,True,1500.0,4200.0
1115,Saturday,984,Warehouse -> New World Newmarket -> New World Remuera -> Four Square Remuera -> Warehouse,9.0,13408.93,3.724702777777778,False,819.43,2800.0
1116,Saturday,985,Warehouse -> New World Newmarket -> New World Remuera -> Four Square Remuera -> Four Square St Heliers -> Warehouse,11.0,16993.17,4.720325,True,1190.0,4200.0
1117,Saturday,986,Warehouse -> New World Newmarket -> New World Remuera -> Four Square St Heliers -> Warehouse,9.0,14791.67,4.108797222222222,True,1190.0,4200.0
1118,Saturday,987,Warehouse -> New World Newmarket -> New World Victoria Park -> Warehouse,7.0,11004.68,3.0568555555555554,False,672.51,2800.0
1119,Saturday,988,Warehouse -> New World Victoria Park -> Four Square Britomart -> New World Newmarket -> Warehouse,9.0,13495.58,3.748772222222222,False,824.73,2800.0
1120,Saturday,989,Warehouse -> New World Victoria Park -> Four Square Britomart -> New World Newmarket -> Four Square Eden Terrace -> Warehouse,11.0,15872.84,4.409122222222222,True,1190.0,4200.0
1121,Saturday,990,Warehouse -> New World Victoria Park -> Four Square Britomart -> New World Newmarket -> Four Square Remuera -> Four Square Eden Terrace -> Warehouse,13.0,18927.72,5.257700000000001,True,1500.0,4200.0
1122,Saturday,991,Warehouse -> New World Victoria Park -> Four Square Britomart -> Four Square St Heliers -> Four Square Remuera -> New World Newmarket -> Four Square Eden Terrace -> Warehouse,15.0,22190.12,6.163922222222222,True,1810.0,5600.0
1123,Saturday,992,Warehouse -> New World Newmarket -> Four Square Eden Terrace -> New World Victoria Park -> Warehouse,9.0,13436.13,3.7322583333333332,False,821.1,2800.0
1124,Saturday,993,Warehouse -> New World Newmarket -> Four Square Remuera -> Four Square Eden Terrace -> New World Victoria Park -> Warehouse,11.0,16491.010000000002,4.580836111111112,True,1190.0,4200.0
1125,Saturday,994,Warehouse -> New World Newmarket -> Four Square St Heliers -> Four Square Remuera -> Four Square Eden Terrace -> New World Victoria Park -> Warehouse,13.0,20091.0,5.5808333333333335,True,1500.0,4200.0
1126,Saturday,995,Warehouse -> Pak 'n Save Royal Oak -> New World Newmarket -> Warehouse,11.0,14681.65,4.078236111111111,True,1190.0,4200.0
1127,Saturday,996,Warehouse -> New World Newmarket -> Four Square Ellerslie -> Pak 'n Save Royal Oak -> Warehouse,13.0,17387.49,4.829858333333334,True,1190.0,4200.0
1128,Saturday,997,Warehouse -> Pak 'n Save Royal Oak -> New World Newmarket -> Four Square Ellerslie -> Four Square Onehunga -> Warehouse,15.0,19530.739999999998,5.425205555555555,True,1500.0,4200.0
1129,Saturday,998,Warehouse -> Pak 'n Save Royal Oak -> Four Square Ellerslie -> Four Square Remuera -> New World Newmarket -> Warehouse,15.0,19795.06,5.498627777777778,True,1500.0,4200.0
1130,Saturday,999,Warehouse -> Pak 'n Save Royal Oak -> Four Square Ellerslie -> Four Square St Heliers -> New World Newmarket -> Warehouse,15.0,21090.18,5.858383333333333,True,1500.0,4200.0
1131,Saturday,1000,Warehouse -> Four Square Onehunga -> Pak 'n Save Royal Oak -> New World Newmarket -> Warehouse,13.0,17047.11,4.735308333333333,True,1190.0,4200.0
1132,Saturday,1001,Warehouse -> Pak 'n Save Royal Oak -> New World Newmarket -> Four Square Remuera -> Four Square Onehunga -> Warehouse,15.0,19769.82,5.491616666666666,True,1500.0,4200.0
1133,Saturday,1002,Warehouse -> Pak 'n Save Royal Oak -> Four Square Remuera -> New World Newmarket -> Warehouse,13.0,17525.64,4.868233333333333,True,1190.0,4200.0
1134,Saturday,1003,Warehouse -> Pak 'n Save Royal Oak -> Four Square Remuera -> Four Square St Heliers -> New World Newmarket -> Warehouse,15.0,21136.43,5.871230555555556,True,1500.0,4200.0
1135,Saturday,1004,Warehouse -> Four Square Britomart -> New World Newmarket -> Warehouse,5.0,8869.28,2.463688888888889,False,542.01,2800.0
1136,Saturday,1005,Warehouse -> Four Square Britomart -> New World Newmarket -> Four Square Eden Terrace -> Warehouse,7.0,11246.54,3.1240388888888893,False,687.29,2800.0
1137,Saturday,1006,Warehouse -> Four Square Britomart -> New World Newmarket -> Four Square Remuera -> Four Square Eden Terrace -> Warehouse,9.0,14301.42,3.9726166666666667,False,873.98,2800.0
1138,Saturday,1007,Warehouse -> Four Square Britomart -> Four Square St Heliers -> Four Square Remuera -> New World Newmarket -> Four Square Eden Terrace -> Warehouse,11.0,17563.82,4.878838888888889,True,1190.0,4200.0
1139,Saturday,1008,Warehouse -> New World Newmarket -> Four Square Eden Terrace -> Warehouse,5.0,8352.09,2.3200250000000002,False,510.41,2800.0
1140,Saturday,1009,Warehouse -> New World Newmarket -> Four Square Remuera -> Four Square Eden Terrace -> Warehouse,7.0,11406.970000000001,3.168602777777778,False,697.09,2800.0
1141,Saturday,1010,Warehouse -> New World Newmarket -> Four Square St Heliers -> Four Square Remuera -> Four Square Eden Terrace -> Warehouse,9.0,15006.96,4.1686,True,1190.0,4200.0
1142,Saturday,1011,Warehouse -> New World Newmarket -> Four Square Ellerslie -> Warehouse,5.0,9021.32,2.505922222222222,False,551.3,2800.0
1143,Saturday,1012,Warehouse -> New World Newmarket -> Four Square Ellerslie -> Four Square Onehunga -> Warehouse,7.0,10823.92,3.0066444444444445,False,661.46,2800.0
1144,Saturday,1013,Warehouse -> Four Square Onehunga -> Four Square Ellerslie -> Four Square Remuera -> New World Newmarket -> Warehouse,9.0,13288.17,3.6911583333333335,False,812.05,2800.0
1145,Saturday,1014,Warehouse -> Four Square Onehunga -> Four Square Ellerslie -> Four Square Remuera -> Four Square St Heliers -> New World Newmarket -> Warehouse,11.0,16898.96,4.694155555555556,True,1190.0,4200.0
1146,Saturday,1015,Warehouse -> New World Newmarket -> Four Square Ellerslie -> Four Square Remuera -> Warehouse,7.0,11397.64,3.166011111111111,False,696.52,2800.0
1147,Saturday,1016,Warehouse -> New World Newmarket -> Four Square Ellerslie -> Four Square Remuera -> Four Square St Heliers -> Warehouse,9.0,14981.880000000001,4.1616333333333335,True,1190.0,4200.0
1148,Saturday,1017,Warehouse -> New World Newmarket -> Four Square Ellerslie -> Four Square St Heliers -> Warehouse,7.0,12666.21,3.5183916666666666,False,774.05,2800.0
1149,Saturday,1018,Warehouse -> Four Square Onehunga -> New World Newmarket -> Warehouse,5.0,8318.76,2.310766666666667,False,508.37,2800.0
1150,Saturday,1019,Warehouse -> Four Square Onehunga -> Four Square Remuera -> New World Newmarket -> Warehouse,7.0,11018.75,3.060763888888889,False,673.37,2800.0
1151,Saturday,1020,Warehouse -> Four Square Onehunga -> Four Square Remuera -> Four Square St Heliers -> New World Newmarket -> Warehouse,9.0,14629.54,4.063761111111111,True,1190.0,4200.0
1152,Saturday,1021,Warehouse -> New World Newmarket -> Four Square Remuera -> Warehouse,5.0,9029.720000000001,2.508255555555556,False,551.82,2800.0
1153,Saturday,1022,Warehouse -> New World Newmarket -> Four Square Remuera -> Four Square St Heliers -> Warehouse,7.0,12613.96,3.5038777777777774,False,770.85,2800.0
1154,Saturday,1023,Warehouse -> New World Ormiston -> Warehouse,4.0,8656.64,2.404622222222222,False,529.02,2800.0
1155,Saturday,1024,Warehouse -> New World Papatoetoe -> New World Ormiston -> Warehouse,9.0,14242.26,3.9561833333333336,False,870.36,2800.0
1156,Saturday,1025,Warehouse -> New World Southmall -> New World Ormiston -> New World Papatoetoe -> Warehouse,13.0,19329.809999999998,5.369391666666666,True,1500.0,4200.0
1157,Saturday,1026,Warehouse -> New World Southmall -> New World Ormiston -> Four Square Botany Junction -> New World Papatoetoe -> Warehouse,15.0,21520.47,5.977908333333334,True,1500.0,4200.0
1158,Saturday,1027,Warehouse -> Four Square Cockle Bay -> New World Ormiston -> Four Square Botany Junction -> New World Southmall -> New World Papatoetoe -> Warehouse,15.0,23379.3,6.49425,True,1810.0,5600.0
1159,Saturday,1028,Warehouse -> New World Papatoetoe -> New World Ormiston -> Pak 'n Save Clendon -> Warehouse,16.0,22823.12,6.339755555555556,True,1810.0,5600.0
1160,Saturday,1029,Warehouse -> New World Papatoetoe -> Pak 'n Save Manukau -> New World Ormiston -> Warehouse,16.0,21958.23,6.0995083333333335,True,1810.0,5600.0
1161,Saturday,1030,Warehouse -> New World Papatoetoe -> New World Ormiston -> Four Square Botany Junction -> Warehouse,11.0,16433.58,4.564883333333333,True,1190.0,4200.0
1162,Saturday,1031,Warehouse -> Four Square Cockle Bay -> New World Ormiston -> Four Square Botany Junction -> New World Papatoetoe -> Warehouse,11.0,17954.25,4.987291666666667,True,1190.0,4200.0
1163,Saturday,1032,Warehouse -> Four Square Pakuranga Heights -> Four Square Cockle Bay -> New World Ormiston -> Four Square Botany Junction -> New World Papatoetoe -> Warehouse,13.0,20347.93,5.652202777777778,True,1500.0,4200.0
1164,Saturday,1033,Warehouse -> Four Square Pakuranga Heights -> New World Ormiston -> Four Square Botany Junction -> New World Papatoetoe -> Warehouse,13.0,19382.65,5.384069444444445,True,1500.0,4200.0
1165,Saturday,1034,Warehouse -> New World Southmall -> New World Ormiston -> Warehouse,8.0,13627.86,3.7855166666666666,False,832.81,2800.0
1166,Saturday,1035,Warehouse -> Pak 'n Save Clendon -> New World Southmall -> New World Ormiston -> Warehouse,15.0,21701.72,6.028255555555556,True,1810.0,5600.0
1167,Saturday,1036,Warehouse -> New World Southmall -> New World Ormiston -> Pak 'n Save Manukau -> Warehouse,15.0,21361.54,5.933761111111111,True,1500.0,4200.0
1168,Saturday,1037,Warehouse -> Pak 'n Save Papakura -> New World Southmall -> New World Ormiston -> Warehouse,16.0,23404.37,6.501213888888889,True,1810.0,5600.0
1169,Saturday,1038,Warehouse -> New World Southmall -> New World Ormiston -> Four Square Botany Junction -> Warehouse,10.0,15819.18,4.394216666666667,True,1190.0,4200.0
1170,Saturday,1039,Warehouse -> Four Square Cockle Bay -> New World Ormiston -> Four Square Botany Junction -> New World Southmall -> Warehouse,10.0,17365.92,4.8238666666666665,True,1190.0,4200.0
1171,Saturday,1040,Warehouse -> Four Square Pakuranga Heights -> Four Square Cockle Bay -> New World Ormiston -> Four Square Botany Junction -> New World Southmall -> Warehouse,12.0,19759.6,5.488777777777777,True,1500.0,4200.0
1172,Saturday,1041,Warehouse -> Four Square Pakuranga Heights -> New World Ormiston -> Four Square Botany Junction -> New World Southmall -> Warehouse,12.0,18794.32,5.220644444444444,True,1500.0,4200.0
1173,Saturday,1042,Warehouse -> Pak 'n Save Botany -> New World Ormiston -> Warehouse,13.0,19284.3,5.35675,True,1500.0,4200.0
1174,Saturday,1043,Warehouse -> Pak 'n Save Botany -> New World Ormiston -> Four Square Botany Junction -> Warehouse,15.0,21475.62,5.96545,True,1500.0,4200.0
1175,Saturday,1044,Warehouse -> Four Square Cockle Bay -> Pak 'n Save Botany -> New World Ormiston -> Four Square Botany Junction -> Warehouse,15.0,22014.81,6.115225000000001,True,1810.0,5600.0
1176,Saturday,1045,Warehouse -> Four Square Cockle Bay -> Pak 'n Save Botany -> New World Ormiston -> Warehouse,13.0,19823.489999999998,5.506524999999999,True,1500.0,4200.0
1177,Saturday,1046,Warehouse -> Four Square Pakuranga Heights -> Four Square Cockle Bay -> Pak 'n Save Botany -> New World Ormiston -> Warehouse,15.0,22217.17,6.1714361111111105,True,1810.0,5600.0
1178,Saturday,1047,Warehouse -> Four Square Pakuranga Heights -> Pak 'n Save Botany -> New World Ormiston -> Warehouse,15.0,21362.69,5.934080555555555,True,1500.0,4200.0
1179,Saturday,1048,Warehouse -> Pak 'n Save Manukau -> New World Ormiston -> Warehouse,11.0,16315.06,4.531961111111111,True,1190.0,4200.0
1180,Saturday,1049,Warehouse -> Pak 'n Save Manukau -> New World Ormiston -> Four Square Botany Junction -> Warehouse,13.0,18506.38,5.140661111111111,True,1500.0,4200.0
1181,Saturday,1050,Warehouse -> Four Square Cockle Bay -> New World Ormiston -> Four Square Botany Junction -> Pak 'n Save Manukau -> Warehouse,13.0,19986.64,5.551844444444444,True,1500.0,4200.0
1182,Saturday,1051,Warehouse -> Four Square Pakuranga Heights -> Four Square Cockle Bay -> New World Ormiston -> Four Square Botany Junction -> Pak 'n Save Manukau -> Warehouse,15.0,22380.32,6.216755555555555,True,1810.0,5600.0
1183,Saturday,1052,Warehouse -> Four Square Pakuranga Heights -> New World Ormiston -> Four Square Botany Junction -> Pak 'n Save Manukau -> Warehouse,15.0,21415.04,5.948622222222222,True,1500.0,4200.0
1184,Saturday,1053,Warehouse -> New World Ormiston -> Pak 'n Save Ormiston -> Warehouse,12.0,17437.46,4.843738888888889,True,1190.0,4200.0
1185,Saturday,1054,Warehouse -> New World Ormiston -> Pak 'n Save Ormiston -> Four Square Botany Junction -> Warehouse,14.0,19628.78,5.452438888888889,True,1500.0,4200.0
1186,Saturday,1055,Warehouse -> Four Square Cockle Bay -> New World Ormiston -> Pak 'n Save Ormiston -> Four Square Botany Junction -> Warehouse,14.0,21033.78,5.842716666666666,True,1500.0,4200.0
1187,Saturday,1056,Warehouse -> Four Square Pakuranga Heights -> Four Square Cockle Bay -> New World Ormiston -> Pak 'n Save Ormiston -> Four Square Botany Junction -> Warehouse,16.0,23427.46,6.507627777777778,True,1810.0,5600.0
1188,Saturday,1057,Warehouse -> Four Square Pakuranga Heights -> New World Ormiston -> Pak 'n Save Ormiston -> Four Square Botany Junction -> Warehouse,16.0,22462.18,6.2394944444444445,True,1810.0,5600.0
1189,Saturday,1058,Warehouse -> New World Ormiston -> Four Square Botany Junction -> Warehouse,6.0,10847.96,3.013322222222222,False,662.93,2800.0
1190,Saturday,1059,Warehouse -> Four Square Cockle Bay -> New World Ormiston -> Four Square Botany Junction -> Warehouse,6.0,12252.96,3.4036,False,748.79,2800.0
1191,Saturday,1060,Warehouse -> Four Square Pakuranga Heights -> Four Square Cockle Bay -> New World Ormiston -> Four Square Botany Junction -> Warehouse,8.0,14646.64,4.0685111111111105,True,1190.0,4200.0
1192,Saturday,1061,Warehouse -> Four Square Pakuranga Heights -> New World Ormiston -> Four Square Botany Junction -> Warehouse,8.0,13681.36,3.800377777777778,False,836.08,2800.0
1193,Saturday,1062,Warehouse -> New World Papakura -> Warehouse,4.0,9157.54,2.5437611111111114,False,559.63,2800.0
1194,Saturday,1063,Warehouse -> New World Papatoetoe -> New World Papakura -> Warehouse,9.0,15122.69,4.200747222222223,True,1190.0,4200.0
1195,Saturday,1064,Warehouse -> New World Papatoetoe -> New World Southmall -> New World Papakura -> Warehouse,13.0,19700.59,5.472386111111111,True,1500.0,4200.0
1196,Saturday,1065,Warehouse -> New World Papatoetoe -> Four Square Botany Junction -> New World Papakura -> New World Southmall -> Warehouse,15.0,22602.02,6.278338888888889,True,1810.0,5600.0
1197,Saturday,1066,Warehouse -> Four Square Cockle Bay -> Four Square Botany Junction -> New World Papakura -> New World Southmall -> New World Papatoetoe -> Warehouse,15.0,24454.87,6.793019444444444,True,1810.0,5600.0
1198,Saturday,1067,Warehouse -> New World Papatoetoe -> New World Papakura -> Pak 'n Save Clendon -> Warehouse,16.0,23318.07,6.477241666666667,True,1810.0,5600.0
1199,Saturday,1068,Warehouse -> New World Papatoetoe -> Pak 'n Save Manukau -> New World Papakura -> Warehouse,16.0,22820.23,6.338952777777777,True,1810.0,5600.0
1200,Saturday,1069,Warehouse -> New World Papatoetoe -> Four Square Botany Junction -> New World Papakura -> Warehouse,11.0,17943.13,4.984202777777778,True,1190.0,4200.0
1201,Saturday,1070,Warehouse -> Four Square Cockle Bay -> Four Square Botany Junction -> New World Papakura -> New World Papatoetoe -> Warehouse,11.0,19795.98,5.498883333333334,True,1500.0,4200.0
1202,Saturday,1071,Warehouse -> Four Square Pakuranga Heights -> Four Square Cockle Bay -> Four Square Botany Junction -> New World Papakura -> New World Papatoetoe -> Warehouse,13.0,22189.66,6.163794444444444,True,1810.0,5600.0
1203,Saturday,1072,Warehouse -> Four Square Pakuranga Heights -> Four Square Botany Junction -> New World Papakura -> New World Papatoetoe -> Warehouse,13.0,21218.5,5.894027777777778,True,1500.0,4200.0
1204,Saturday,1073,Warehouse -> New World Papakura -> New World Southmall -> Warehouse,8.0,13816.43,3.8378972222222223,False,844.34,2800.0
1205,Saturday,1074,Warehouse -> New World Papakura -> New World Southmall -> Pak 'n Save Clendon -> Warehouse,15.0,21851.86,6.069961111111112,True,1810.0,5600.0
1206,Saturday,1075,Warehouse -> Pak 'n Save Manukau -> New World Papakura -> New World Southmall -> Warehouse,15.0,21835.95,6.065541666666667,True,1810.0,5600.0
1207,Saturday,1076,Warehouse -> New World Papakura -> Pak 'n Save Papakura -> New World Southmall -> Warehouse,16.0,22544.09,6.262247222222222,True,1810.0,5600.0
1208,Saturday,1077,Warehouse -> New World Papakura -> New World Southmall -> Four Square Botany Junction -> Warehouse,10.0,16905.559999999998,4.6959888888888885,True,1190.0,4200.0
1209,Saturday,1078,Warehouse -> Four Square Cockle Bay -> Four Square Botany Junction -> New World Papakura -> New World Southmall -> Warehouse,10.0,18441.489999999998,5.1226361111111105,True,1500.0,4200.0
1210,Saturday,1079,Warehouse -> Four Square Pakuranga Heights -> Four Square Cockle Bay -> Four Square Botany Junction -> New World Papakura -> New World Southmall -> Warehouse,12.0,20835.17,5.787547222222222,True,1500.0,4200.0
1211,Saturday,1080,Warehouse -> Four Square Pakuranga Heights -> Four Square Botany Junction -> New World Papakura -> New World Southmall -> Warehouse,12.0,19864.01,5.5177805555555555,True,1500.0,4200.0
1212,Saturday,1081,Warehouse -> New World Papakura -> Pak 'n Save Clendon -> Warehouse,11.0,17352.92,4.820255555555555,True,1190.0,4200.0
1213,Saturday,1082,Warehouse -> Four Square Botany Junction -> New World Papakura -> Pak 'n Save Clendon -> Warehouse,13.0,20552.89,5.7091361111111105,True,1500.0,4200.0
1214,Saturday,1083,Warehouse -> Four Square Cockle Bay -> Four Square Botany Junction -> New World Papakura -> Pak 'n Save Clendon -> Warehouse,13.0,21977.98,6.104994444444444,True,1810.0,5600.0
1215,Saturday,1084,Warehouse -> Four Square Pakuranga Heights -> Four Square Cockle Bay -> Four Square Botany Junction -> New World Papakura -> Pak 'n Save Clendon -> Warehouse,15.0,24371.66,6.769905555555556,True,1810.0,5600.0
1216,Saturday,1085,Warehouse -> Four Square Pakuranga Heights -> Four Square Botany Junction -> New World Papakura -> Pak 'n Save Clendon -> Warehouse,15.0,23400.5,6.5001388888888885,True,1810.0,5600.0
1217,Saturday,1086,Warehouse -> Pak 'n Save Manukau -> New World Papakura -> Warehouse,11.0,17177.059999999998,4.771405555555555,True,1190.0,4200.0
1218,Saturday,1087,Warehouse -> Pak 'n Save Manukau -> Four Square Botany Junction -> New World Papakura -> Warehouse,13.0,20015.92,5.559977777777777,True,1500.0,4200.0
1219,Saturday,1088,Warehouse -> Four Square Cockle Bay -> Four Square Botany Junction -> Pak 'n Save Manukau -> New World Papakura -> Warehouse,13.0,21620.11,6.0055861111111115,True,1810.0,5600.0
1220,Saturday,1089,Warehouse -> Four Square Pakuranga Heights -> Four Square Cockle Bay -> Four Square Botany Junction -> Pak 'n Save Manukau -> New World Papakura -> Warehouse,15.0,24013.79,6.670497222222222,True,1810.0,5600.0
1221,Saturday,1090,Warehouse -> Four Square Pakuranga Heights -> Four Square Botany Junction -> Pak 'n Save Manukau -> New World Papakura -> Warehouse,15.0,23042.63,6.400730555555556,True,1810.0,5600.0
1222,Saturday,1091,Warehouse -> New World Papakura -> Pak 'n Save Ormiston -> Warehouse,12.0,19013.77,5.281602777777778,True,1500.0,4200.0
1223,Saturday,1092,Warehouse -> New World Papakura -> Pak 'n Save Ormiston -> Four Square Botany Junction -> Warehouse,14.0,21205.09,5.890302777777777,True,1500.0,4200.0
1224,Saturday,1093,Warehouse -> Four Square Cockle Bay -> Pak 'n Save Ormiston -> Four Square Botany Junction -> New World Papakura -> Warehouse,14.0,22810.07,6.336130555555555,True,1810.0,5600.0
1225,Saturday,1094,Warehouse -> Four Square Pakuranga Heights -> Pak 'n Save Ormiston -> Four Square Botany Junction -> New World Papakura -> Warehouse,16.0,24238.47,6.7329083333333335,True,1810.0,5600.0
1226,Saturday,1095,Warehouse -> New World Papakura -> Pak 'n Save Papakura -> Warehouse,12.0,17965.23,4.990341666666667,True,1190.0,4200.0
1227,Saturday,1096,Warehouse -> New World Papatoetoe -> Warehouse,5.0,8445.880000000001,2.346077777777778,False,516.14,2800.0
1228,Saturday,1097,Warehouse -> New World Papatoetoe -> New World Southmall -> Warehouse,9.0,13897.05,3.8602916666666665,False,849.26,2800.0
1229,Saturday,1098,Warehouse -> New World Papatoetoe -> New World Southmall -> Pak 'n Save Clendon -> Warehouse,16.0,21932.48,6.092355555555556,True,1810.0,5600.0
1230,Saturday,1099,Warehouse -> New World Papatoetoe -> Pak 'n Save Manukau -> New World Southmall -> Warehouse,16.0,21776.66,6.049072222222222,True,1810.0,5600.0
1231,Saturday,1100,Warehouse -> New World Papatoetoe -> Four Square Botany Junction -> New World Southmall -> Warehouse,11.0,16899.559999999998,4.694322222222222,True,1190.0,4200.0
1232,Saturday,1101,Warehouse -> Four Square Cockle Bay -> Four Square Botany Junction -> New World Southmall -> New World Papatoetoe -> Warehouse,11.0,18752.41,5.209002777777778,True,1500.0,4200.0
1233,Saturday,1102,Warehouse -> Four Square Pakuranga Heights -> Four Square Cockle Bay -> Four Square Botany Junction -> New World Southmall -> New World Papatoetoe -> Warehouse,13.0,21146.09,5.873913888888889,True,1500.0,4200.0
1234,Saturday,1103,Warehouse -> Four Square Pakuranga Heights -> Four Square Botany Junction -> New World Southmall -> New World Papatoetoe -> Warehouse,13.0,20174.93,5.604147222222222,True,1500.0,4200.0
1235,Saturday,1104,Warehouse -> New World Papatoetoe -> Pak 'n Save Clendon -> Warehouse,12.0,17295.35,4.8042638888888884,True,1190.0,4200.0
1236,Saturday,1105,Warehouse -> Pak 'n Save Clendon -> Four Square Botany Junction -> New World Papatoetoe -> Warehouse,14.0,20481.14,5.689205555555556,True,1500.0,4200.0
1237,Saturday,1106,Warehouse -> Four Square Cockle Bay -> Four Square Botany Junction -> New World Papatoetoe -> Pak 'n Save Clendon -> Warehouse,14.0,22176.83,6.160230555555556,True,1810.0,5600.0
1238,Saturday,1107,Warehouse -> Four Square Pakuranga Heights -> Four Square Cockle Bay -> Four Square Botany Junction -> New World Papatoetoe -> Pak 'n Save Clendon -> Warehouse,16.0,24570.510000000002,6.825141666666667,True,1810.0,5600.0
1239,Saturday,1108,Warehouse -> Four Square Pakuranga Heights -> Four Square Botany Junction -> New World Papatoetoe -> Pak 'n Save Clendon -> Warehouse,16.0,23599.35,6.555375,True,1810.0,5600.0
1240,Saturday,1109,Warehouse -> New World Papatoetoe -> Pak 'n Save Mangere -> Warehouse,13.0,17451.34,4.847594444444445,True,1190.0,4200.0
1241,Saturday,1110,Warehouse -> Four Square Onehunga -> New World Papatoetoe -> Pak 'n Save Mangere -> Warehouse,15.0,20041.64,5.567122222222222,True,1500.0,4200.0
1242,Saturday,1111,Warehouse -> Pak 'n Save Manukau -> New World Papatoetoe -> Warehouse,12.0,16548.03,4.596674999999999,True,1190.0,4200.0
1243,Saturday,1112,Warehouse -> New World Papatoetoe -> Pak 'n Save Manukau -> Four Square Botany Junction -> Warehouse,14.0,19502.559999999998,5.417377777777777,True,1500.0,4200.0
1244,Saturday,1113,Warehouse -> Four Square Cockle Bay -> Four Square Botany Junction -> Pak 'n Save Manukau -> New World Papatoetoe -> Warehouse,14.0,20991.08,5.830855555555556,True,1500.0,4200.0
1245,Saturday,1114,Warehouse -> Four Square Pakuranga Heights -> Four Square Cockle Bay -> Four Square Botany Junction -> Pak 'n Save Manukau -> New World Papatoetoe -> Warehouse,16.0,23384.76,6.4957666666666665,True,1810.0,5600.0
1246,Saturday,1115,Warehouse -> Four Square Pakuranga Heights -> Four Square Botany Junction -> Pak 'n Save Manukau -> New World Papatoetoe -> Warehouse,16.0,22413.6,6.226,True,1810.0,5600.0
1247,Saturday,1116,Warehouse -> New World Papatoetoe -> Pak 'n Save Ormiston -> Warehouse,13.0,18642.85,5.178569444444444,True,1500.0,4200.0
1248,Saturday,1117,Warehouse -> New World Papatoetoe -> Pak 'n Save Ormiston -> Four Square Botany Junction -> Warehouse,15.0,20834.17,5.787269444444444,True,1500.0,4200.0
1249,Saturday,1118,Warehouse -> Four Square Cockle Bay -> Pak 'n Save Ormiston -> Four Square Botany Junction -> New World Papatoetoe -> Warehouse,15.0,22354.83,6.209675000000001,True,1810.0,5600.0
1250,Saturday,1119,Warehouse -> New World Papatoetoe -> Pak 'n Save Papakura -> Warehouse,13.0,19276.77,5.354658333333333,True,1500.0,4200.0
1251,Saturday,1120,Warehouse -> New World Papatoetoe -> Pak 'n Save Sylvia Park -> Warehouse,13.0,18341.18,5.094772222222223,True,1500.0,4200.0
1252,Saturday,1121,Warehouse -> New World Papatoetoe -> Pak 'n Save Sylvia Park -> Four Square Ellerslie -> Warehouse,15.0,20751.28,5.7642444444444445,True,1500.0,4200.0
1253,Saturday,1122,Warehouse -> Four Square Pakuranga Heights -> Pak 'n Save Sylvia Park -> New World Papatoetoe -> Warehouse,15.0,21348.36,5.9301,True,1500.0,4200.0
1254,Saturday,1123,Warehouse -> New World Papatoetoe -> Four Square Botany Junction -> Warehouse,7.0,11786.599999999999,3.274055555555555,False,720.29,2800.0
1255,Saturday,1124,Warehouse -> Four Square Cockle Bay -> Four Square Botany Junction -> New World Papatoetoe -> Warehouse,7.0,13327.36,3.7020444444444447,False,814.45,2800.0
1256,Saturday,1125,Warehouse -> Four Square Pakuranga Heights -> Four Square Cockle Bay -> Four Square Botany Junction -> New World Papatoetoe -> Warehouse,9.0,15721.04,4.366955555555556,True,1190.0,4200.0
1257,Saturday,1126,Warehouse -> Four Square Pakuranga Heights -> Four Square Botany Junction -> New World Papatoetoe -> Warehouse,9.0,14749.880000000001,4.097188888888889,True,1190.0,4200.0
1258,Saturday,1127,Warehouse -> New World Point Chevalier -> Warehouse,5.0,7484.17,2.078936111111111,False,457.37,2800.0
1259,Saturday,1128,Warehouse -> New World Victoria Park -> New World Point Chevalier -> Warehouse,9.0,12902.279999999999,3.5839666666666665,False,788.47,2800.0
1260,Saturday,1129,Warehouse -> New World Victoria Park -> Four Square Britomart -> New World Point Chevalier -> Warehouse,11.0,15501.619999999999,4.306005555555555,True,1190.0,4200.0
1261,Saturday,1130,Warehouse -> New World Victoria Park -> Four Square Britomart -> Four Square Eden Terrace -> New World Point Chevalier -> Warehouse,13.0,17950.57,4.986269444444444,True,1190.0,4200.0
1262,Saturday,1131,Warehouse -> New World Victoria Park -> Four Square Britomart -> Four Square Remuera -> Four Square Eden Terrace -> New World Point Chevalier -> Warehouse,15.0,21257.72,5.904922222222223,True,1500.0,4200.0
1263,Saturday,1132,Warehouse -> New World Victoria Park -> Four Square Eden Terrace -> New World Point Chevalier -> Warehouse,11.0,15373.65,4.270458333333333,True,1190.0,4200.0
1264,Saturday,1133,Warehouse -> Four Square Remuera -> Four Square Eden Terrace -> New World Victoria Park -> New World Point Chevalier -> Warehouse,13.0,18821.0,5.228055555555556,True,1500.0,4200.0
1265,Saturday,1134,Warehouse -> New World Victoria Park -> Four Square Eden Terrace -> Four Square Remuera -> Four Square St Heliers -> New World Point Chevalier -> Warehouse,15.0,22426.2,6.2295,True,1810.0,5600.0
1266,Saturday,1135,Warehouse -> Pak 'n Save Henderson -> New World Point Chevalier -> Warehouse,14.0,18944.0,5.262222222222222,True,1500.0,4200.0
1267,Saturday,1136,Warehouse -> Four Square Fair Price Henderson -> Pak 'n Save Henderson -> New World Point Chevalier -> Warehouse,16.0,21440.04,5.955566666666667,True,1500.0,4200.0
1268,Saturday,1137,Warehouse -> Four Square Glen Eden -> Pak 'n Save Henderson -> New World Point Chevalier -> Warehouse,16.0,21461.89,5.961636111111111,True,1500.0,4200.0
1269,Saturday,1138,Warehouse -> Pak 'n Save Lincoln Road -> New World Point Chevalier -> Warehouse,13.0,17354.809999999998,4.8207805555555545,True,1190.0,4200.0
1270,Saturday,1139,Warehouse -> Pak 'n Save Lincoln Road -> Four Square Fair Price Henderson -> New World Point Chevalier -> Warehouse,15.0,19959.42,5.544283333333333,True,1500.0,4200.0
1271,Saturday,1140,Warehouse -> Four Square Glen Eden -> Pak 'n Save Lincoln Road -> New World Point Chevalier -> Warehouse,15.0,20507.0,5.6963888888888885,True,1500.0,4200.0
1272,Saturday,1141,Warehouse -> Pak 'n Save Lincoln Road -> Four Square Hobsonville -> New World Point Chevalier -> Warehouse,15.0,20773.739999999998,5.770483333333333,True,1500.0,4200.0
1273,Saturday,1142,Warehouse -> Pak 'n Save Mt Albert -> New World Point Chevalier -> Warehouse,13.0,16102.27,4.472852777777778,True,1190.0,4200.0
1274,Saturday,1143,Warehouse -> Pak 'n Save Mt Albert -> New World Point Chevalier -> Four Square Eden Terrace -> Warehouse,15.0,19027.39,5.285386111111111,True,1500.0,4200.0
1275,Saturday,1144,Warehouse -> Four Square Glen Eden -> New World Point Chevalier -> Pak 'n Save Mt Albert -> Warehouse,15.0,19843.48,5.512077777777778,True,1500.0,4200.0
1276,Saturday,1145,Warehouse -> Pak 'n Save Westgate -> New World Point Chevalier -> Warehouse,12.0,16671.91,4.631086111111111,True,1190.0,4200.0
1277,Saturday,1146,Warehouse -> Four Square Fair Price Henderson -> Pak 'n Save Westgate -> New World Point Chevalier -> Warehouse,14.0,19630.43,5.452897222222222,True,1500.0,4200.0
1278,Saturday,1147,Warehouse -> Four Square Glen Eden -> Four Square Fair Price Henderson -> Pak 'n Save Westgate -> New World Point Chevalier -> Warehouse,16.0,22518.89,6.255247222222222,True,1810.0,5600.0
1279,Saturday,1148,Warehouse -> Four Square Fair Price Henderson -> Pak 'n Save Westgate -> Four Square Hobsonville -> New World Point Chevalier -> Warehouse,16.0,22555.91,6.265530555555555,True,1810.0,5600.0
1280,Saturday,1149,Warehouse -> Pak 'n Save Westgate -> Four Square Hobsonville -> New World Point Chevalier -> Warehouse,14.0,19597.39,5.4437194444444446,True,1500.0,4200.0
1281,Saturday,1150,Warehouse -> Four Square Britomart -> New World Point Chevalier -> Warehouse,7.0,10875.32,3.020922222222222,False,664.6,2800.0
1282,Saturday,1151,Warehouse -> Four Square Britomart -> Four Square Eden Terrace -> New World Point Chevalier -> Warehouse,9.0,13324.27,3.7011861111111113,False,814.26,2800.0
1283,Saturday,1152,Warehouse -> Four Square Britomart -> Four Square Remuera -> Four Square Eden Terrace -> New World Point Chevalier -> Warehouse,11.0,16631.42,4.619838888888888,True,1190.0,4200.0
1284,Saturday,1153,Warehouse -> Four Square Britomart -> Four Square St Heliers -> Four Square Remuera -> Four Square Eden Terrace -> New World Point Chevalier -> Warehouse,13.0,19847.18,5.513105555555556,True,1500.0,4200.0
1285,Saturday,1154,Warehouse -> Four Square Eden Terrace -> New World Point Chevalier -> Warehouse,7.0,10323.44,2.8676222222222223,False,630.88,2800.0
1286,Saturday,1155,Warehouse -> Four Square Remuera -> Four Square Eden Terrace -> New World Point Chevalier -> Warehouse,9.0,13736.96,3.815822222222222,False,839.48,2800.0
1287,Saturday,1156,Warehouse -> Four Square Eden Terrace -> Four Square Remuera -> Four Square St Heliers -> New World Point Chevalier -> Warehouse,11.0,17375.989999999998,4.826663888888889,True,1190.0,4200.0
1288,Saturday,1157,Warehouse -> New World Remuera -> Warehouse,4.0,7550.35,2.0973194444444445,False,461.41,2800.0
1289,Saturday,1158,Warehouse -> New World Remuera -> New World Stonefields -> Warehouse,8.0,12751.67,3.5421305555555556,False,779.27,2800.0
1290,Saturday,1159,Warehouse -> New World Remuera -> New World Stonefields -> Pak 'n Save Glen Innes -> Warehouse,16.0,22454.47,6.237352777777778,True,1810.0,5600.0
1291,Saturday,1160,Warehouse -> New World Remuera -> New World Stonefields -> Pak 'n Save Sylvia Park -> Warehouse,16.0,21937.77,6.093825,True,1810.0,5600.0
1292,Saturday,1161,Warehouse -> Four Square Ellerslie -> New World Stonefields -> New World Remuera -> Warehouse,10.0,15099.07,4.194186111111111,True,1190.0,4200.0
1293,Saturday,1162,Warehouse -> Four Square Onehunga -> Four Square Ellerslie -> New World Stonefields -> New World Remuera -> Warehouse,12.0,16942.98,4.706383333333333,True,1190.0,4200.0
1294,Saturday,1163,Warehouse -> Four Square Onehunga -> Four Square Ellerslie -> New World Stonefields -> Four Square Remuera -> New World Remuera -> Warehouse,14.0,19183.34,5.328705555555556,True,1500.0,4200.0
1295,Saturday,1164,Warehouse -> New World Remuera -> Four Square Remuera -> Four Square St Heliers -> New World Stonefields -> Four Square Ellerslie -> Four Square Onehunga -> Warehouse,16.0,22499.47,6.249852777777778,True,1810.0,5600.0
1296,Saturday,1165,Warehouse -> Four Square Ellerslie -> New World Stonefields -> Four Square Remuera -> New World Remuera -> Warehouse,12.0,17339.43,4.816508333333333,True,1190.0,4200.0
1297,Saturday,1166,Warehouse -> Four Square Ellerslie -> New World Stonefields -> Four Square St Heliers -> Four Square Remuera -> New World Remuera -> Warehouse,14.0,20660.41,5.7390027777777775,True,1500.0,4200.0
1298,Saturday,1167,Warehouse -> New World Remuera -> Four Square Ellerslie -> New World Stonefields -> Four Square St Heliers -> Warehouse,12.0,18413.75,5.1149305555555555,True,1500.0,4200.0
1299,Saturday,1168,Warehouse -> New World Remuera -> Four Square Remuera -> New World Stonefields -> Warehouse,10.0,14988.130000000001,4.163369444444445,True,1190.0,4200.0
1300,Saturday,1169,Warehouse -> New World Remuera -> Four Square Remuera -> New World Stonefields -> Four Square St Heliers -> Warehouse,12.0,18221.739999999998,5.061594444444444,True,1500.0,4200.0
1301,Saturday,1170,Warehouse -> New World Remuera -> New World Stonefields -> Four Square St Heliers -> Warehouse,10.0,15985.28,4.440355555555556,True,1190.0,4200.0
1302,Saturday,1171,Warehouse -> Pak 'n Save Royal Oak -> New World Remuera -> Warehouse,12.0,16067.4,4.463166666666667,True,1190.0,4200.0
1303,Saturday,1172,Warehouse -> Pak 'n Save Royal Oak -> Four Square Ellerslie -> New World Remuera -> Warehouse,14.0,18549.46,5.152627777777777,True,1500.0,4200.0
1304,Saturday,1173,Warehouse -> Pak 'n Save Royal Oak -> New World Remuera -> Four Square Ellerslie -> Four Square Onehunga -> Warehouse,16.0,20561.34,5.711483333333334,True,1500.0,4200.0
1305,Saturday,1174,Warehouse -> Pak 'n Save Royal Oak -> Four Square Ellerslie -> Four Square Remuera -> New World Remuera -> Warehouse,16.0,20817.32,5.782588888888889,True,1500.0,4200.0
1306,Saturday,1175,Warehouse -> Pak 'n Save Royal Oak -> Four Square Ellerslie -> Four Square St Heliers -> New World Remuera -> Warehouse,16.0,22265.79,6.184941666666667,True,1810.0,5600.0
1307,Saturday,1176,Warehouse -> Pak 'n Save Royal Oak -> New World Remuera -> Four Square Onehunga -> Warehouse,14.0,18092.65,5.025736111111112,True,1500.0,4200.0
1308,Saturday,1177,Warehouse -> Pak 'n Save Royal Oak -> New World Remuera -> Four Square Remuera -> Four Square Onehunga -> Warehouse,16.0,20540.18,5.705605555555556,True,1500.0,4200.0
1309,Saturday,1178,Warehouse -> Pak 'n Save Royal Oak -> New World Remuera -> Four Square Remuera -> Warehouse,14.0,18506.9,5.140805555555556,True,1500.0,4200.0
1310,Saturday,1179,Warehouse -> Pak 'n Save Royal Oak -> New World Remuera -> Four Square Remuera -> Four Square St Heliers -> Warehouse,16.0,22091.14,6.136427777777778,True,1810.0,5600.0
1311,Saturday,1180,Warehouse -> New World Remuera -> Four Square Eden Terrace -> Warehouse,6.0,9927.61,2.7576694444444447,False,606.69,2800.0
1312,Saturday,1181,Warehouse -> New World Remuera -> Four Square Remuera -> Four Square Eden Terrace -> Warehouse,8.0,12367.1,3.435305555555556,False,755.77,2800.0
1313,Saturday,1182,Warehouse -> Four Square Eden Terrace -> New World Remuera -> Four Square Remuera -> Four Square St Heliers -> Warehouse,10.0,16006.130000000001,4.446147222222223,True,1190.0,4200.0
1314,Saturday,1183,Warehouse -> Four Square Ellerslie -> New World Remuera -> Warehouse,6.0,10198.66,2.832961111111111,False,623.25,2800.0
1315,Saturday,1184,Warehouse -> Four Square Onehunga -> Four Square Ellerslie -> New World Remuera -> Warehouse,8.0,12042.57,3.3451583333333335,False,735.93,2800.0
1316,Saturday,1185,Warehouse -> Four Square Onehunga -> Four Square Ellerslie -> Four Square Remuera -> New World Remuera -> Warehouse,10.0,14310.43,3.9751194444444446,False,874.53,2800.0
1317,Saturday,1186,Warehouse -> Four Square Onehunga -> Four Square Ellerslie -> Four Square St Heliers -> Four Square Remuera -> New World Remuera -> Warehouse,12.0,17977.15,4.993652777777778,True,1190.0,4200.0
1318,Saturday,1187,Warehouse -> Four Square Ellerslie -> Four Square Remuera -> New World Remuera -> Warehouse,8.0,12466.52,3.4629222222222222,False,761.84,2800.0
1319,Saturday,1188,Warehouse -> Four Square Ellerslie -> Four Square St Heliers -> Four Square Remuera -> New World Remuera -> Warehouse,10.0,16133.24,4.481455555555556,True,1190.0,4200.0
1320,Saturday,1189,Warehouse -> New World Remuera -> Four Square Ellerslie -> Four Square St Heliers -> Warehouse,8.0,13886.58,3.8573833333333334,False,848.62,2800.0
1321,Saturday,1190,Warehouse -> Four Square Onehunga -> New World Remuera -> Warehouse,6.0,9560.52,2.6557,False,584.25,2800.0
1322,Saturday,1191,Warehouse -> Four Square Onehunga -> New World Remuera -> Four Square Remuera -> Warehouse,8.0,12000.02,3.333338888888889,False,733.33,2800.0
1323,Saturday,1192,Warehouse -> Four Square Onehunga -> New World Remuera -> Four Square Remuera -> Four Square St Heliers -> Warehouse,10.0,15584.26,4.328961111111111,True,1190.0,4200.0
1324,Saturday,1193,Warehouse -> New World Remuera -> Four Square Remuera -> Warehouse,6.0,9989.85,2.7749583333333336,False,610.49,2800.0
1325,Saturday,1194,Warehouse -> New World Remuera -> Four Square Remuera -> Four Square St Heliers -> Warehouse,8.0,13574.09,3.7705805555555556,False,829.53,2800.0
1326,Saturday,1195,Warehouse -> New World Remuera -> Four Square St Heliers -> Warehouse,6.0,11372.59,3.1590527777777777,False,694.99,2800.0
1327,Saturday,1196,Warehouse -> New World Southmall -> Warehouse,4.0,8113.98,2.253883333333333,False,495.85,2800.0
1328,Saturday,1197,Warehouse -> New World Southmall -> Pak 'n Save Clendon -> Warehouse,11.0,16149.41,4.485947222222222,True,1190.0,4200.0
1329,Saturday,1198,Warehouse -> Pak 'n Save Clendon -> New World Southmall -> Four Square Botany Junction -> Warehouse,13.0,19276.97,5.354713888888889,True,1500.0,4200.0
1330,Saturday,1199,Warehouse -> Four Square Cockle Bay -> Four Square Botany Junction -> New World Southmall -> Pak 'n Save Clendon -> Warehouse,13.0,20774.46,5.770683333333333,True,1500.0,4200.0
1331,Saturday,1200,Warehouse -> Four Square Pakuranga Heights -> Four Square Cockle Bay -> Four Square Botany Junction -> New World Southmall -> Pak 'n Save Clendon -> Warehouse,15.0,23168.14,6.435594444444444,True,1810.0,5600.0
1332,Saturday,1201,Warehouse -> Four Square Pakuranga Heights -> Four Square Botany Junction -> New World Southmall -> Pak 'n Save Clendon -> Warehouse,15.0,22196.98,6.1658277777777775,True,1810.0,5600.0
1333,Saturday,1202,Warehouse -> Pak 'n Save Manukau -> New World Southmall -> Warehouse,11.0,16133.49,4.4815249999999995,True,1190.0,4200.0
1334,Saturday,1203,Warehouse -> New World Southmall -> Four Square Botany Junction -> Pak 'n Save Manukau -> Warehouse,13.0,18936.79,5.260219444444445,True,1500.0,4200.0
1335,Saturday,1204,Warehouse -> Four Square Cockle Bay -> Four Square Botany Junction -> Pak 'n Save Manukau -> New World Southmall -> Warehouse,13.0,20576.54,5.715705555555556,True,1500.0,4200.0
1336,Saturday,1205,Warehouse -> Four Square Pakuranga Heights -> Four Square Cockle Bay -> Four Square Botany Junction -> Pak 'n Save Manukau -> New World Southmall -> Warehouse,15.0,22970.22,6.380616666666667,True,1810.0,5600.0
1337,Saturday,1206,Warehouse -> Four Square Pakuranga Heights -> Four Square Botany Junction -> Pak 'n Save Manukau -> New World Southmall -> Warehouse,15.0,21999.06,6.11085,True,1810.0,5600.0
1338,Saturday,1207,Warehouse -> Pak 'n Save Papakura -> New World Southmall -> Warehouse,12.0,17890.489999999998,4.969580555555555,True,1190.0,4200.0
1339,Saturday,1208,Warehouse -> New World Southmall -> Four Square Botany Junction -> Warehouse,6.0,11203.11,3.111975,False,684.63,2800.0
1340,Saturday,1209,Warehouse -> Four Square Cockle Bay -> Four Square Botany Junction -> New World Southmall -> Warehouse,6.0,12739.029999999999,3.538619444444444,False,778.5,2800.0
1341,Saturday,1210,Warehouse -> Four Square Pakuranga Heights -> Four Square Cockle Bay -> Four Square Botany Junction -> New World Southmall -> Warehouse,8.0,15132.71,4.203530555555555,True,1190.0,4200.0
1342,Saturday,1211,Warehouse -> Four Square Pakuranga Heights -> Four Square Botany Junction -> New World Southmall -> Warehouse,8.0,14161.55,3.9337638888888886,False,865.43,2800.0
1343,Saturday,1212,Warehouse -> New World Stonefields -> Warehouse,4.0,8251.35,2.292041666666667,False,504.25,2800.0
1344,Saturday,1213,Warehouse -> New World Stonefields -> Pak 'n Save Glen Innes -> Warehouse,12.0,17954.15,4.987263888888889,True,1190.0,4200.0
1345,Saturday,1214,Warehouse -> Four Square Ellerslie -> New World Stonefields -> Pak 'n Save Glen Innes -> Warehouse,14.0,20201.67,5.611574999999999,True,1500.0,4200.0
1346,Saturday,1215,Warehouse -> Four Square Onehunga -> Four Square Ellerslie -> New World Stonefields -> Pak 'n Save Glen Innes -> Warehouse,16.0,22045.58,6.123772222222223,True,1810.0,5600.0
1347,Saturday,1216,Warehouse -> Four Square Ellerslie -> New World Stonefields -> Pak 'n Save Glen Innes -> Four Square Remuera -> Warehouse,16.0,22404.25,6.223402777777777,True,1810.0,5600.0
1348,Saturday,1217,Warehouse -> Four Square Ellerslie -> New World Stonefields -> Pak 'n Save Glen Innes -> Four Square St Heliers -> Warehouse,16.0,22675.57,6.298769444444444,True,1810.0,5600.0
1349,Saturday,1218,Warehouse -> New World Stonefields -> Pak 'n Save Glen Innes -> Four Square Remuera -> Warehouse,14.0,20156.73,5.599091666666666,True,1500.0,4200.0
1350,Saturday,1219,Warehouse -> Four Square Remuera -> New World Stonefields -> Pak 'n Save Glen Innes -> Four Square St Heliers -> Warehouse,16.0,22743.8,6.317722222222222,True,1810.0,5600.0
1351,Saturday,1220,Warehouse -> New World Stonefields -> Pak 'n Save Glen Innes -> Four Square St Heliers -> Warehouse,14.0,20428.05,5.674458333333333,True,1500.0,4200.0
1352,Saturday,1221,Warehouse -> Pak 'n Save Sylvia Park -> New World Stonefields -> Warehouse,12.0,17432.0,4.842222222222222,True,1190.0,4200.0
1353,Saturday,1222,Warehouse -> Four Square Ellerslie -> New World Stonefields -> Pak 'n Save Sylvia Park -> Warehouse,14.0,19684.97,5.468047222222222,True,1500.0,4200.0
1354,Saturday,1223,Warehouse -> Four Square Onehunga -> Four Square Ellerslie -> New World Stonefields -> Pak 'n Save Sylvia Park -> Warehouse,16.0,21528.88,5.980244444444445,True,1500.0,4200.0
1355,Saturday,1224,Warehouse -> Four Square Ellerslie -> Four Square Remuera -> New World Stonefields -> Pak 'n Save Sylvia Park -> Warehouse,16.0,22121.12,6.144755555555555,True,1810.0,5600.0
1356,Saturday,1225,Warehouse -> Four Square Ellerslie -> Pak 'n Save Sylvia Park -> New World Stonefields -> Four Square St Heliers -> Warehouse,16.0,23064.91,6.406919444444444,True,1810.0,5600.0
1357,Saturday,1226,Warehouse -> Four Square Pakuranga Heights -> Pak 'n Save Sylvia Park -> New World Stonefields -> Warehouse,14.0,20315.11,5.643086111111112,True,1500.0,4200.0
1358,Saturday,1227,Warehouse -> Four Square Ellerslie -> New World Stonefields -> Warehouse,6.0,10498.869999999999,2.9163527777777776,False,641.6,2800.0
1359,Saturday,1228,Warehouse -> Four Square Onehunga -> Four Square Ellerslie -> New World Stonefields -> Warehouse,8.0,12342.78,3.42855,False,754.28,2800.0
1360,Saturday,1229,Warehouse -> Four Square Onehunga -> Four Square Ellerslie -> New World Stonefields -> Four Square Remuera -> Warehouse,10.0,14653.560000000001,4.070433333333334,True,1190.0,4200.0
1361,Saturday,1230,Warehouse -> Four Square Onehunga -> Four Square Ellerslie -> New World Stonefields -> Four Square St Heliers -> Four Square Remuera -> Warehouse,12.0,17974.54,4.992927777777778,True,1190.0,4200.0
1362,Saturday,1231,Warehouse -> Four Square Ellerslie -> New World Stonefields -> Four Square Remuera -> Warehouse,8.0,12809.65,3.558236111111111,False,782.81,2800.0
1363,Saturday,1232,Warehouse -> Four Square Ellerslie -> New World Stonefields -> Four Square St Heliers -> Four Square Remuera -> Warehouse,10.0,16130.630000000001,4.480730555555556,True,1190.0,4200.0
1364,Saturday,1233,Warehouse -> Four Square Ellerslie -> New World Stonefields -> Four Square St Heliers -> Warehouse,8.0,13732.48,3.8145777777777776,False,839.21,2800.0
1365,Saturday,1234,Warehouse -> New World Stonefields -> Four Square Remuera -> Warehouse,6.0,10562.130000000001,2.9339250000000003,False,645.46,2800.0
1366,Saturday,1235,Warehouse -> Four Square Remuera -> New World Stonefields -> Four Square St Heliers -> Warehouse,8.0,13800.710000000001,3.833530555555556,False,843.38,2800.0
1367,Saturday,1236,Warehouse -> New World Stonefields -> Four Square St Heliers -> Warehouse,6.0,11484.96,3.1902666666666666,False,701.86,2800.0
1368,Saturday,1237,Warehouse -> New World Victoria Park -> Warehouse,4.0,7111.389999999999,1.9753861111111108,False,434.58,1400.0
1369,Saturday,1238,Warehouse -> New World Victoria Park -> Four Square Britomart -> Warehouse,6.0,9710.73,2.697425,False,593.43,2800.0
1370,Saturday,1239,Warehouse -> New World Victoria Park -> Four Square Britomart -> Four Square Eden Terrace -> Warehouse,8.0,12159.68,3.377688888888889,False,743.09,2800.0
1371,Saturday,1240,Warehouse -> New World Victoria Park -> Four Square Britomart -> Four Square Remuera -> Four Square Eden Terrace -> Warehouse,10.0,15466.83,4.296341666666667,True,1190.0,4200.0
1372,Saturday,1241,Warehouse -> New World Victoria Park -> Four Square Britomart -> Four Square St Heliers -> Four Square Remuera -> Four Square Eden Terrace -> Warehouse,12.0,18682.59,5.189608333333333,True,1500.0,4200.0
1373,Saturday,1242,Warehouse -> New World Victoria Park -> Four Square Eden Terrace -> Warehouse,6.0,9582.76,2.661877777777778,False,585.61,2800.0
1374,Saturday,1243,Warehouse -> Four Square Remuera -> Four Square Eden Terrace -> New World Victoria Park -> Warehouse,8.0,13030.11,3.619475,False,796.28,2800.0
1375,Saturday,1244,Warehouse -> New World Victoria Park -> Four Square Eden Terrace -> Four Square Remuera -> Four Square St Heliers -> Warehouse,10.0,16635.309999999998,4.620919444444444,True,1190.0,4200.0
1376,Saturday,1245,Warehouse -> Pak 'n Save Albany -> Warehouse,8.0,13899.99,3.861108333333333,False,849.44,2800.0
1377,Saturday,1246,Warehouse -> Pak 'n Save Albany -> Pak 'n Save Wairau Road -> Warehouse,14.0,20604.23,5.723397222222222,True,1500.0,4200.0
1378,Saturday,1247,Warehouse -> Four Square Lancaster -> Pak 'n Save Wairau Road -> Pak 'n Save Albany -> Warehouse,16.0,23764.12,6.6011444444444445,True,1810.0,5600.0
1379,Saturday,1248,Warehouse -> Pak 'n Save Albany -> Four Square Torbay -> Pak 'n Save Wairau Road -> Warehouse,16.0,24170.620000000003,6.7140611111111115,True,1810.0,5600.0
1380,Saturday,1249,Warehouse -> Pak 'n Save Albany -> Four Square Hobsonville -> Warehouse,10.0,16387.22,4.552005555555556,True,1190.0,4200.0
1381,Saturday,1250,Warehouse -> Four Square Lancaster -> Pak 'n Save Albany -> Warehouse,10.0,17121.27,4.755908333333333,True,1190.0,4200.0
1382,Saturday,1251,Warehouse -> Pak 'n Save Albany -> Four Square Torbay -> Warehouse,10.0,17466.38,4.851772222222222,True,1190.0,4200.0
1383,Saturday,1252,Warehouse -> Pak 'n Save Botany -> Warehouse,9.0,14657.42,4.0715055555555555,True,1190.0,4200.0
1384,Saturday,1253,Warehouse -> Pak 'n Save Highland Park -> Pak 'n Save Botany -> Warehouse,16.0,22393.190000000002,6.220330555555556,True,1810.0,5600.0
1385,Saturday,1254,Warehouse -> Pak 'n Save Highland Park -> Four Square Cockle Bay -> Pak 'n Save Botany -> Warehouse,16.0,22811.38,6.336494444444445,True,1810.0,5600.0
1386,Saturday,1255,Warehouse -> Pak 'n Save Botany -> Four Square Botany Junction -> Warehouse,11.0,16848.739999999998,4.680205555555555,True,1190.0,4200.0
1387,Saturday,1256,Warehouse -> Four Square Cockle Bay -> Pak 'n Save Botany -> Four Square Botany Junction -> Warehouse,11.0,17387.93,4.829980555555555,True,1190.0,4200.0
1388,Saturday,1257,Warehouse -> Four Square Pakuranga Heights -> Four Square Cockle Bay -> Pak 'n Save Botany -> Four Square Botany Junction -> Warehouse,13.0,19781.61,5.494891666666667,True,1500.0,4200.0
1389,Saturday,1258,Warehouse -> Four Square Pakuranga Heights -> Pak 'n Save Botany -> Four Square Botany Junction -> Warehouse,13.0,18927.13,5.257536111111111,True,1500.0,4200.0
1390,Saturday,1259,Warehouse -> Four Square Cockle Bay -> Pak 'n Save Botany -> Warehouse,9.0,15196.61,4.2212805555555555,True,1190.0,4200.0
1391,Saturday,1260,Warehouse -> Four Square Pakuranga Heights -> Four Square Cockle Bay -> Pak 'n Save Botany -> Warehouse,11.0,17590.29,4.886191666666667,True,1190.0,4200.0
1392,Saturday,1261,Warehouse -> Four Square Pakuranga Heights -> Pak 'n Save Botany -> Warehouse,11.0,16735.809999999998,4.648836111111111,True,1190.0,4200.0
1393,Saturday,1262,Warehouse -> Pak 'n Save Clendon -> Warehouse,7.0,11367.34,3.1575944444444444,False,694.67,2800.0
1394,Saturday,1263,Warehouse -> Pak 'n Save Clendon -> Pak 'n Save Mangere -> Warehouse,15.0,20467.75,5.6854861111111115,True,1500.0,4200.0
1395,Saturday,1264,Warehouse -> Pak 'n Save Manukau -> Pak 'n Save Clendon -> Warehouse,14.0,19670.52,5.464033333333333,True,1500.0,4200.0
1396,Saturday,1265,Warehouse -> Pak 'n Save Clendon -> Four Square Botany Junction -> Pak 'n Save Manukau -> Warehouse,16.0,22513.53,6.253758333333333,True,1810.0,5600.0
1397,Saturday,1266,Warehouse -> Four Square Cockle Bay -> Four Square Botany Junction -> Pak 'n Save Manukau -> Pak 'n Save Clendon -> Warehouse,16.0,24113.57,6.698213888888889,True,1810.0,5600.0
1398,Saturday,1267,Warehouse -> Pak 'n Save Papakura -> Pak 'n Save Clendon -> Warehouse,15.0,21426.98,5.951938888888889,True,1500.0,4200.0
1399,Saturday,1268,Warehouse -> Pak 'n Save Clendon -> Four Square Botany Junction -> Warehouse,9.0,14779.849999999999,4.105513888888889,True,1190.0,4200.0
1400,Saturday,1269,Warehouse -> Four Square Cockle Bay -> Four Square Botany Junction -> Pak 'n Save Clendon -> Warehouse,9.0,16421.43,4.561508333333333,True,1190.0,4200.0
1401,Saturday,1270,Warehouse -> Four Square Pakuranga Heights -> Four Square Cockle Bay -> Four Square Botany Junction -> Pak 'n Save Clendon -> Warehouse,11.0,18815.11,5.226419444444445,True,1500.0,4200.0
1402,Saturday,1271,Warehouse -> Four Square Pakuranga Heights -> Four Square Botany Junction -> Pak 'n Save Clendon -> Warehouse,11.0,17843.95,4.956652777777778,True,1190.0,4200.0
1403,Saturday,1272,Warehouse -> Pak 'n Save Glen Innes -> Warehouse,8.0,13483.24,3.7453444444444446,False,823.98,2800.0
1404,Saturday,1273,Warehouse -> Pak 'n Save Sylvia Park -> Pak 'n Save Glen Innes -> Warehouse,16.0,22460.2,6.238944444444445,True,1810.0,5600.0
1405,Saturday,1274,Warehouse -> Four Square Ellerslie -> Pak 'n Save Glen Innes -> Warehouse,10.0,15730.76,4.369655555555555,True,1190.0,4200.0
1406,Saturday,1275,Warehouse -> Four Square Onehunga -> Four Square Ellerslie -> Pak 'n Save Glen Innes -> Warehouse,12.0,17574.67,4.881852777777778,True,1190.0,4200.0
1407,Saturday,1276,Warehouse -> Four Square Onehunga -> Four Square Ellerslie -> Pak 'n Save Glen Innes -> Four Square Remuera -> Warehouse,14.0,19777.25,5.493680555555556,True,1500.0,4200.0
1408,Saturday,1277,Warehouse -> Four Square Onehunga -> Four Square Ellerslie -> Four Square Remuera -> Pak 'n Save Glen Innes -> Four Square St Heliers -> Warehouse,16.0,22364.239999999998,6.212288888888889,True,1810.0,5600.0
1409,Saturday,1278,Warehouse -> Four Square Ellerslie -> Pak 'n Save Glen Innes -> Four Square Remuera -> Warehouse,12.0,17933.34,4.981483333333333,True,1190.0,4200.0
1410,Saturday,1279,Warehouse -> Four Square Ellerslie -> Four Square Remuera -> Pak 'n Save Glen Innes -> Four Square St Heliers -> Warehouse,14.0,20520.33,5.700091666666667,True,1500.0,4200.0
1411,Saturday,1280,Warehouse -> Four Square Ellerslie -> Pak 'n Save Glen Innes -> Four Square St Heliers -> Warehouse,12.0,18204.66,5.05685,True,1500.0,4200.0
1412,Saturday,1281,Warehouse -> Four Square Remuera -> Pak 'n Save Glen Innes -> Warehouse,10.0,15678.51,4.3551416666666665,True,1190.0,4200.0
1413,Saturday,1282,Warehouse -> Four Square Remuera -> Pak 'n Save Glen Innes -> Four Square St Heliers -> Warehouse,12.0,18152.41,5.042336111111111,True,1500.0,4200.0
1414,Saturday,1283,Warehouse -> Pak 'n Save Glen Innes -> Four Square St Heliers -> Warehouse,10.0,15957.14,4.432538888888889,True,1190.0,4200.0
1415,Saturday,1284,Warehouse -> Pak 'n Save Highland Park -> Warehouse,7.0,12318.37,3.4217694444444446,False,752.79,2800.0
1416,Saturday,1285,Warehouse -> Pak 'n Save Highland Park -> Four Square Botany Junction -> Warehouse,9.0,14822.66,4.117405555555555,True,1190.0,4200.0
1417,Saturday,1286,Warehouse -> Pak 'n Save Highland Park -> Four Square Cockle Bay -> Four Square Botany Junction -> Warehouse,9.0,15240.84,4.2335666666666665,True,1190.0,4200.0
1418,Saturday,1287,Warehouse -> Four Square Pakuranga Heights -> Pak 'n Save Highland Park -> Four Square Cockle Bay -> Four Square Botany Junction -> Warehouse,11.0,17634.52,4.898477777777778,True,1190.0,4200.0
1419,Saturday,1288,Warehouse -> Four Square Pakuranga Heights -> Pak 'n Save Highland Park -> Four Square Botany Junction -> Warehouse,11.0,17216.34,4.7823166666666665,True,1190.0,4200.0
1420,Saturday,1289,Warehouse -> Pak 'n Save Highland Park -> Four Square Cockle Bay -> Warehouse,7.0,13120.01,3.6444472222222224,False,801.78,2800.0
1421,Saturday,1290,Warehouse -> Pak 'n Save Highland Park -> Four Square Cockle Bay -> Four Square Pakuranga Heights -> Warehouse,9.0,15452.55,4.292375,True,1190.0,4200.0
1422,Saturday,1291,Warehouse -> Pak 'n Save Highland Park -> Four Square Pakuranga Heights -> Warehouse,9.0,14650.91,4.0696972222222225,True,1190.0,4200.0
1423,Saturday,1292,Warehouse -> Pak 'n Save Henderson -> Warehouse,9.0,13071.09,3.6308583333333333,False,798.79,2800.0
1424,Saturday,1293,Warehouse -> Pak 'n Save Henderson -> Pak 'n Save Westgate -> Warehouse,16.0,21593.45,5.998180555555556,True,1500.0,4200.0
1425,Saturday,1294,Warehouse -> Four Square Fair Price Henderson -> Pak 'n Save Henderson -> Warehouse,11.0,15567.130000000001,4.324202777777778,True,1190.0,4200.0
1426,Saturday,1295,Warehouse -> Four Square Fair Price Henderson -> Pak 'n Save Henderson -> Four Square Glen Eden -> Warehouse,13.0,18132.4,5.036777777777778,True,1500.0,4200.0
1427,Saturday,1296,Warehouse -> Pak 'n Save Henderson -> Four Square Fair Price Henderson -> Four Square Hobsonville -> Warehouse,13.0,19046.27,5.2906305555555555,True,1500.0,4200.0
1428,Saturday,1297,Warehouse -> Four Square Glen Eden -> Pak 'n Save Henderson -> Warehouse,11.0,15588.98,4.330272222222222,True,1190.0,4200.0
1429,Saturday,1298,Warehouse -> Pak 'n Save Lincoln Road -> Warehouse,8.0,11481.89,3.1894138888888888,False,701.67,2800.0
1430,Saturday,1299,Warehouse -> Pak 'n Save Lincoln Road -> Pak 'n Save Westgate -> Warehouse,15.0,19826.28,5.5073,True,1500.0,4200.0
1431,Saturday,1300,Warehouse -> Pak 'n Save Lincoln Road -> Four Square Fair Price Henderson -> Warehouse,10.0,14086.51,3.9129194444444444,False,860.84,2800.0
1432,Saturday,1301,Warehouse -> Four Square Glen Eden -> Four Square Fair Price Henderson -> Pak 'n Save Lincoln Road -> Warehouse,12.0,16974.97,4.715269444444445,True,1190.0,4200.0
1433,Saturday,1302,Warehouse -> Pak 'n Save Lincoln Road -> Four Square Fair Price Henderson -> Four Square Hobsonville -> Warehouse,12.0,17505.43,4.862619444444444,True,1190.0,4200.0
1434,Saturday,1303,Warehouse -> Four Square Glen Eden -> Pak 'n Save Lincoln Road -> Warehouse,10.0,14634.08,4.065022222222222,True,1190.0,4200.0
1435,Saturday,1304,Warehouse -> Pak 'n Save Lincoln Road -> Four Square Hobsonville -> Warehouse,10.0,14900.82,4.139116666666666,True,1190.0,4200.0
1436,Saturday,1305,Warehouse -> Pak 'n Save Mangere -> Warehouse,8.0,10959.57,3.0443249999999997,False,669.75,2800.0
1437,Saturday,1306,Warehouse -> Pak 'n Save Manukau -> Pak 'n Save Mangere -> Warehouse,15.0,20017.12,5.560311111111111,True,1500.0,4200.0
1438,Saturday,1307,Warehouse -> Pak 'n Save Mangere -> Pak 'n Save Mt Albert -> Warehouse,16.0,20380.85,5.661347222222222,True,1500.0,4200.0
1439,Saturday,1308,Warehouse -> Pak 'n Save Royal Oak -> Pak 'n Save Mangere -> Warehouse,16.0,20238.13,5.621702777777778,True,1500.0,4200.0
1440,Saturday,1309,Warehouse -> Four Square Onehunga -> Pak 'n Save Mangere -> Warehouse,10.0,13549.869999999999,3.7638527777777777,False,828.05,2800.0
1441,Saturday,1310,Warehouse -> Four Square Onehunga -> Four Square Remuera -> Pak 'n Save Mangere -> Warehouse,12.0,17219.96,4.783322222222222,True,1190.0,4200.0
1442,Saturday,1311,Warehouse -> Four Square Onehunga -> Four Square St Heliers -> Four Square Remuera -> Pak 'n Save Mangere -> Warehouse,14.0,20936.190000000002,5.815608333333334,True,1500.0,4200.0
1443,Saturday,1312,Warehouse -> Pak 'n Save Manukau -> Warehouse,7.0,10916.7,3.0324166666666668,False,667.13,2800.0
1444,Saturday,1313,Warehouse -> Pak 'n Save Manukau -> Pak 'n Save Ormiston -> Warehouse,15.0,20715.65,5.754347222222223,True,1500.0,4200.0
1445,Saturday,1314,Warehouse -> Pak 'n Save Manukau -> Pak 'n Save Papakura -> Warehouse,15.0,21331.14,5.925316666666666,True,1500.0,4200.0
1446,Saturday,1315,Warehouse -> Pak 'n Save Manukau -> Pak 'n Save Sylvia Park -> Warehouse,15.0,20632.36,5.7312111111111115,True,1500.0,4200.0
1447,Saturday,1316,Warehouse -> Pak 'n Save Manukau -> Four Square Botany Junction -> Warehouse,9.0,13859.39,3.849830555555555,False,846.96,2800.0
1448,Saturday,1317,Warehouse -> Four Square Cockle Bay -> Four Square Botany Junction -> Pak 'n Save Manukau -> Warehouse,9.0,15359.75,4.266597222222222,True,1190.0,4200.0
1449,Saturday,1318,Warehouse -> Four Square Pakuranga Heights -> Four Square Cockle Bay -> Four Square Botany Junction -> Pak 'n Save Manukau -> Warehouse,11.0,17753.43,4.931508333333333,True,1190.0,4200.0
1450,Saturday,1319,Warehouse -> Four Square Pakuranga Heights -> Four Square Botany Junction -> Pak 'n Save Manukau -> Warehouse,11.0,16782.27,4.661741666666667,True,1190.0,4200.0
1451,Saturday,1320,Warehouse -> Pak 'n Save Mt Albert -> Warehouse,8.0,9939.27,2.7609083333333335,False,607.4,2800.0
1452,Saturday,1321,Warehouse -> Pak 'n Save Mt Albert -> Four Square Eden Terrace -> Warehouse,10.0,13447.85,3.735513888888889,False,821.81,2800.0
1453,Saturday,1322,Warehouse -> Four Square Remuera -> Four Square Eden Terrace -> Pak 'n Save Mt Albert -> Warehouse,12.0,16872.09,4.6866916666666665,True,1190.0,4200.0
1454,Saturday,1323,Warehouse -> Pak 'n Save Mt Albert -> Four Square Eden Terrace -> Four Square Remuera -> Four Square St Heliers -> Warehouse,14.0,20500.4,5.694555555555556,True,1500.0,4200.0
1455,Saturday,1324,Warehouse -> Four Square Glen Eden -> Pak 'n Save Mt Albert -> Warehouse,10.0,13715.84,3.8099555555555558,False,838.19,2800.0
1456,Saturday,1325,Warehouse -> Pak 'n Save Ormiston -> Warehouse,8.0,13057.23,3.6270083333333334,False,797.94,2800.0
1457,Saturday,1326,Warehouse -> Pak 'n Save Papakura -> Pak 'n Save Ormiston -> Warehouse,16.0,23176.77,6.437991666666667,True,1810.0,5600.0
1458,Saturday,1327,Warehouse -> Pak 'n Save Ormiston -> Four Square Botany Junction -> Warehouse,10.0,15248.55,4.235708333333333,True,1190.0,4200.0
1459,Saturday,1328,Warehouse -> Four Square Cockle Bay -> Pak 'n Save Ormiston -> Four Square Botany Junction -> Warehouse,10.0,16653.54,4.625983333333334,True,1190.0,4200.0
1460,Saturday,1329,Warehouse -> Four Square Pakuranga Heights -> Four Square Cockle Bay -> Pak 'n Save Ormiston -> Four Square Botany Junction -> Warehouse,12.0,19047.22,5.290894444444445,True,1500.0,4200.0
1461,Saturday,1330,Warehouse -> Four Square Pakuranga Heights -> Pak 'n Save Ormiston -> Four Square Botany Junction -> Warehouse,12.0,18081.94,5.022761111111111,True,1500.0,4200.0
1462,Saturday,1331,Warehouse -> Pak 'n Save Papakura -> Warehouse,8.0,13311.630000000001,3.6976750000000003,False,813.49,2800.0
1463,Saturday,1332,Warehouse -> Pak 'n Save Royal Oak -> Warehouse,8.0,10253.54,2.848205555555556,False,626.61,2800.0
1464,Saturday,1333,Warehouse -> Pak 'n Save Royal Oak -> Four Square Ellerslie -> Warehouse,10.0,13911.220000000001,3.8642277777777783,False,850.13,2800.0
1465,Saturday,1334,Warehouse -> Pak 'n Save Royal Oak -> Four Square Ellerslie -> Four Square Onehunga -> Warehouse,12.0,15713.82,4.36495,True,1190.0,4200.0
1466,Saturday,1335,Warehouse -> Pak 'n Save Royal Oak -> Four Square Ellerslie -> Four Square Remuera -> Four Square Onehunga -> Warehouse,14.0,18320.82,5.0891166666666665,True,1500.0,4200.0
1467,Saturday,1336,Warehouse -> Pak 'n Save Royal Oak -> Four Square Ellerslie -> Four Square St Heliers -> Four Square Remuera -> Four Square Onehunga -> Warehouse,16.0,21987.54,6.1076500000000005,True,1810.0,5600.0
1468,Saturday,1337,Warehouse -> Pak 'n Save Royal Oak -> Four Square Ellerslie -> Four Square Remuera -> Warehouse,12.0,16287.54,4.5243166666666665,True,1190.0,4200.0
1469,Saturday,1338,Warehouse -> Pak 'n Save Royal Oak -> Four Square Ellerslie -> Four Square Remuera -> Four Square St Heliers -> Warehouse,14.0,19871.78,5.5199388888888885,True,1500.0,4200.0
1470,Saturday,1339,Warehouse -> Pak 'n Save Royal Oak -> Four Square Ellerslie -> Four Square St Heliers -> Warehouse,12.0,17556.11,4.876697222222222,True,1190.0,4200.0
1471,Saturday,1340,Warehouse -> Pak 'n Save Royal Oak -> Four Square Onehunga -> Warehouse,10.0,12575.49,3.4931916666666667,False,768.5,2800.0
1472,Saturday,1341,Warehouse -> Pak 'n Save Royal Oak -> Four Square Remuera -> Four Square Onehunga -> Warehouse,12.0,16051.4,4.458722222222222,True,1190.0,4200.0
1473,Saturday,1342,Warehouse -> Pak 'n Save Royal Oak -> Four Square St Heliers -> Four Square Remuera -> Four Square Onehunga -> Warehouse,14.0,19767.63,5.491008333333333,True,1500.0,4200.0
1474,Saturday,1343,Warehouse -> Pak 'n Save Royal Oak -> Four Square Remuera -> Warehouse,10.0,14018.119999999999,3.893922222222222,False,856.66,2800.0
1475,Saturday,1344,Warehouse -> Pak 'n Save Royal Oak -> Four Square Remuera -> Four Square St Heliers -> Warehouse,12.0,17602.36,4.889544444444445,True,1190.0,4200.0
1476,Saturday,1345,Warehouse -> Pak 'n Save Sylvia Park -> Warehouse,8.0,12569.55,3.4915416666666665,False,768.14,2800.0
1477,Saturday,1346,Warehouse -> Four Square Ellerslie -> Pak 'n Save Sylvia Park -> Warehouse,10.0,14968.85,4.158013888888889,True,1190.0,4200.0
1478,Saturday,1347,Warehouse -> Pak 'n Save Sylvia Park -> Four Square Ellerslie -> Four Square Onehunga -> Warehouse,12.0,16782.25,4.661736111111111,True,1190.0,4200.0
1479,Saturday,1348,Warehouse -> Four Square Onehunga -> Pak 'n Save Sylvia Park -> Four Square Ellerslie -> Four Square Remuera -> Warehouse,14.0,19196.08,5.332244444444445,True,1500.0,4200.0
1480,Saturday,1349,Warehouse -> Four Square Onehunga -> Four Square Ellerslie -> Four Square Remuera -> Four Square St Heliers -> Pak 'n Save Sylvia Park -> Warehouse,16.0,22744.98,6.3180499999999995,True,1810.0,5600.0
1481,Saturday,1350,Warehouse -> Pak 'n Save Sylvia Park -> Four Square Ellerslie -> Four Square Remuera -> Warehouse,12.0,17355.97,4.821102777777778,True,1190.0,4200.0
1482,Saturday,1351,Warehouse -> Four Square Ellerslie -> Four Square Remuera -> Four Square St Heliers -> Pak 'n Save Sylvia Park -> Warehouse,14.0,20901.07,5.805852777777778,True,1500.0,4200.0
1483,Saturday,1352,Warehouse -> Four Square Ellerslie -> Pak 'n Save Sylvia Park -> Four Square St Heliers -> Warehouse,12.0,18526.14,5.14615,True,1500.0,4200.0
1484,Saturday,1353,Warehouse -> Four Square Pakuranga Heights -> Pak 'n Save Sylvia Park -> Warehouse,10.0,15452.66,4.292405555555556,True,1190.0,4200.0
1485,Saturday,1354,Warehouse -> Pak 'n Save Wairau Road -> Warehouse,6.0,10760.95,2.989152777777778,False,657.61,2800.0
1486,Saturday,1355,Warehouse -> Four Square Lancaster -> Pak 'n Save Wairau Road -> Warehouse,8.0,13859.9,3.849972222222222,False,846.99,2800.0
1487,Saturday,1356,Warehouse -> Four Square Torbay -> Pak 'n Save Wairau Road -> Warehouse,8.0,15120.76,4.200211111111111,True,1190.0,4200.0
1488,Saturday,1357,Warehouse -> Pak 'n Save Westgate -> Warehouse,7.0,10799.0,2.999722222222222,False,659.94,2800.0
1489,Saturday,1358,Warehouse -> Four Square Fair Price Henderson -> Pak 'n Save Westgate -> Warehouse,9.0,13757.52,3.8215333333333334,False,840.74,2800.0
1490,Saturday,1359,Warehouse -> Four Square Glen Eden -> Four Square Fair Price Henderson -> Pak 'n Save Westgate -> Warehouse,11.0,16645.98,4.623883333333334,True,1190.0,4200.0
1491,Saturday,1360,Warehouse -> Four Square Fair Price Henderson -> Pak 'n Save Westgate -> Four Square Hobsonville -> Warehouse,11.0,16682.989999999998,4.634163888888889,True,1190.0,4200.0
1492,Saturday,1361,Warehouse -> Pak 'n Save Westgate -> Four Square Hobsonville -> Warehouse,9.0,13724.470000000001,3.812352777777778,False,838.72,2800.0
1493,Saturday,1362,Warehouse -> Four Square Botany Junction -> Warehouse,2.0,6200.98,1.7224944444444443,False,378.95,1400.0
1494,Saturday,1363,Warehouse -> Four Square Cockle Bay -> Four Square Botany Junction -> Warehouse,2.0,7626.07,2.1183527777777775,False,466.04,2800.0
1495,Saturday,1364,Warehouse -> Four Square Pakuranga Heights -> Four Square Cockle Bay -> Four Square Botany Junction -> Warehouse,4.0,10019.75,2.783263888888889,False,612.32,2800.0
1496,Saturday,1365,Warehouse -> Four Square Pakuranga Heights -> Four Square Botany Junction -> Warehouse,4.0,9048.59,2.513497222222222,False,552.97,2800.0
1497,Saturday,1366,Warehouse -> Four Square Britomart -> Warehouse,2.0,5084.43,1.4123416666666668,False,310.72,1400.0
1498,Saturday,1367,Warehouse -> Four Square Britomart -> Four Square Eden Terrace -> Warehouse,4.0,7533.38,2.0926055555555556,False,460.37,2800.0
1499,Saturday,1368,Warehouse -> Four Square Britomart -> Four Square Remuera -> Four Square Eden Terrace -> Warehouse,6.0,10840.529999999999,3.011258333333333,False,662.48,2800.0
1500,Saturday,1369,Warehouse -> Four Square Britomart -> Four Square St Heliers -> Four Square Remuera -> Four Square Eden Terrace -> Warehouse,8.0,14056.29,3.904525,False,859.0,2800.0
1501,Saturday,1370,Warehouse -> Four Square Cockle Bay -> Warehouse,0.0,5505.24,1.5292333333333332,False,336.43,1400.0
1502,Saturday,1371,Warehouse -> Four Square Cockle Bay -> Four Square Pakuranga Heights -> Warehouse,2.0,7837.78,2.177161111111111,False,478.98,2800.0
1503,Saturday,1372,Warehouse -> Four Square Eden Terrace -> Warehouse,2.0,4532.55,1.2590416666666666,False,276.99,1400.0
1504,Saturday,1373,Warehouse -> Four Square Remuera -> Four Square Eden Terrace -> Warehouse,4.0,7946.07,2.2072416666666665,False,485.59,2800.0
1505,Saturday,1374,Warehouse -> Four Square Eden Terrace -> Four Square Remuera -> Four Square St Heliers -> Warehouse,6.0,11585.1,3.2180833333333334,False,707.98,2800.0
1506,Saturday,1375,Warehouse -> Four Square Ellerslie -> Warehouse,2.0,5560.42,1.544561111111111,False,339.8,1400.0
1507,Saturday,1376,Warehouse -> Four Square Ellerslie -> Four Square Onehunga -> Warehouse,4.0,7363.02,2.0452833333333333,False,449.96,2800.0
1508,Saturday,1377,Warehouse -> Four Square Onehunga -> Four Square Ellerslie -> Four Square Remuera -> Warehouse,6.0,9780.65,2.716847222222222,False,597.71,2800.0
1509,Saturday,1378,Warehouse -> Four Square Onehunga -> Four Square Ellerslie -> Four Square Remuera -> Four Square St Heliers -> Warehouse,8.0,13364.89,3.7124694444444444,False,816.74,2800.0
1510,Saturday,1379,Warehouse -> Four Square Ellerslie -> Four Square Remuera -> Warehouse,4.0,7936.74,2.20465,False,485.02,2800.0
1511,Saturday,1380,Warehouse -> Four Square Ellerslie -> Four Square Remuera -> Four Square St Heliers -> Warehouse,6.0,11520.98,3.200272222222222,False,704.06,2800.0
1512,Saturday,1381,Warehouse -> Four Square Ellerslie -> Four Square St Heliers -> Warehouse,4.0,9205.31,2.5570305555555555,False,562.55,2800.0
1513,Saturday,1382,Warehouse -> Four Square Fair Price Henderson -> Warehouse,2.0,5413.13,1.5036472222222224,False,330.8,1400.0
1514,Saturday,1383,Warehouse -> Four Square Glen Eden -> Four Square Fair Price Henderson -> Warehouse,4.0,8301.59,2.3059972222222225,False,507.32,2800.0
1515,Saturday,1384,Warehouse -> Four Square Fair Price Henderson -> Four Square Hobsonville -> Warehouse,4.0,8832.05,2.453347222222222,False,539.74,2800.0
1516,Saturday,1385,Warehouse -> Four Square Glen Eden -> Warehouse,2.0,4725.3,1.3125833333333334,False,288.77,1400.0
1517,Saturday,1386,Warehouse -> Four Square Hobsonville -> Warehouse,2.0,5873.54,1.6315388888888889,False,358.94,1400.0
1518,Saturday,1387,Warehouse -> Four Square Lancaster -> Warehouse,2.0,7005.84,1.9460666666666666,False,428.13,1400.0
1519,Saturday,1388,Warehouse -> Four Square Onehunga -> Warehouse,2.0,3714.4300000000003,1.0317861111111113,False,226.99,1400.0
1520,Saturday,1389,Warehouse -> Four Square Onehunga -> Four Square Remuera -> Warehouse,4.0,7511.2300000000005,2.0864527777777777,False,459.02,2800.0
1521,Saturday,1390,Warehouse -> Four Square Onehunga -> Four Square Remuera -> Four Square St Heliers -> Warehouse,6.0,11095.470000000001,3.082075,False,678.06,2800.0
1522,Saturday,1391,Warehouse -> Four Square Remuera -> Warehouse,2.0,5568.82,1.5468944444444443,False,340.32,1400.0
1523,Saturday,1392,Warehouse -> Four Square Remuera -> Four Square St Heliers -> Warehouse,4.0,9153.06,2.5425166666666663,False,559.35,2800.0
1524,Saturday,1393,Warehouse -> Four Square Pakuranga Heights -> Warehouse,2.0,6442.04,1.7894555555555556,False,393.68,1400.0
1525,Saturday,1394,Warehouse -> Four Square St Heliers -> Warehouse,2.0,6957.79,1.9327194444444444,False,425.2,1400.0
1526,Saturday,1395,Warehouse -> Four Square Torbay -> Warehouse,2.0,8416.52,2.3379222222222222,False,514.34,2800.0
1,Weekdays,1,Warehouse -> New World Albany -> Warehouse,11.0,17236.370000000003,4.787880555555557,True,1190.0,4200.0
2,Weekdays,2,Warehouse -> New World Albany -> Four Square Hobsonville -> Warehouse,16.0,22963.6,6.378777777777778,True,1810.0,5600.0
3,Weekdays,3,Warehouse -> Four Square Lancaster -> New World Albany -> Warehouse,16.0,23697.65,6.582680555555556,True,1810.0,5600.0
4,Weekdays,4,Warehouse -> New World Birkenhead -> Warehouse,10.0,15025.77,4.173825,True,1190.0,4200.0
5,Weekdays,5,Warehouse -> New World Birkenhead -> New World Metro Shore City -> Warehouse,15.0,21317.29,5.921469444444445,True,1500.0,4200.0
6,Weekdays,6,Warehouse -> New World Birkenhead -> New World Metro Queen St -> Warehouse,15.0,20936.89,5.815802777777778,True,1500.0,4200.0
7,Weekdays,7,Warehouse -> New World Birkenhead -> Four Square Lancaster -> Warehouse,15.0,21165.15,5.879208333333334,True,1500.0,4200.0
8,Weekdays,8,Warehouse -> New World Botany -> Warehouse,11.0,16671.66,4.631016666666667,True,1190.0,4200.0
9,Weekdays,9,Warehouse -> Four Square Cockle Bay -> New World Botany -> Warehouse,16.0,22748.34,6.318983333333334,True,1810.0,5600.0
10,Weekdays,10,Warehouse -> Four Square Pakuranga Heights -> New World Botany -> Warehouse,16.0,22056.21,6.1267249999999995,True,1810.0,5600.0
11,Weekdays,11,Warehouse -> New World Browns Bay -> Warehouse,10.0,16532.45,4.592347222222222,True,1190.0,4200.0
12,Weekdays,12,Warehouse -> Four Square Torbay -> New World Browns Bay -> Warehouse,16.0,23693.239999999998,6.581455555555555,True,1810.0,5600.0
13,Weekdays,13,Warehouse -> New World Devonport -> Warehouse,10.0,16308.05,4.530013888888889,True,1190.0,4200.0
14,Weekdays,14,Warehouse -> New World Devonport -> New World Metro Shore City -> Warehouse,15.0,21922.41,6.089558333333334,True,1810.0,5600.0
15,Weekdays,15,Warehouse -> New World Devonport -> New World Metro Queen St -> Warehouse,15.0,22219.17,6.171991666666666,True,1810.0,5600.0
16,Weekdays,16,Warehouse -> New World Eastridge -> Warehouse,10.0,14955.46,4.154294444444444,True,1190.0,4200.0
17,Weekdays,17,Warehouse -> Four Square Remuera -> New World Eastridge -> Warehouse,15.0,20525.47,5.701519444444445,True,1500.0,4200.0
18,Weekdays,18,Warehouse -> New World Eastridge -> Four Square St Heliers -> Warehouse,15.0,21161.5,5.8781944444444445,True,1500.0,4200.0
19,Weekdays,19,Warehouse -> New World Green Bay -> Warehouse,11.0,13605.54,3.779316666666667,False,831.45,2800.0
20,Weekdays,20,Warehouse -> Four Square Glen Eden -> New World Green Bay -> Warehouse,16.0,20006.09,5.557247222222222,True,1500.0,4200.0
21,Weekdays,21,Warehouse -> New World Hobsonville -> Warehouse,10.0,14489.76,4.024933333333333,True,1190.0,4200.0
22,Weekdays,22,Warehouse -> Four Square Fair Price Henderson -> New World Hobsonville -> Warehouse,15.0,20688.28,5.746744444444444,True,1500.0,4200.0
23,Weekdays,23,Warehouse -> New World Hobsonville -> Four Square Hobsonville -> Warehouse,15.0,19972.02,5.547783333333333,True,1500.0,4200.0
24,Weekdays,24,Warehouse -> New World Howick -> Warehouse,10.0,15949.9,4.430527777777778,True,1190.0,4200.0
25,Weekdays,25,Warehouse -> New World Howick -> Four Square Botany Junction -> Warehouse,16.0,22601.61,6.278225,True,1810.0,5600.0
26,Weekdays,26,Warehouse -> Four Square Cockle Bay -> New World Howick -> Warehouse,15.0,21753.0,6.0425,True,1810.0,5600.0
27,Weekdays,27,Warehouse -> New World Howick -> Four Square Pakuranga Heights -> Warehouse,15.0,21522.44,5.978455555555556,True,1500.0,4200.0
28,Weekdays,28,Warehouse -> New World Long Bay -> Warehouse,10.0,16956.92,4.710255555555555,True,1190.0,4200.0
29,Weekdays,29,Warehouse -> New World Long Bay -> Four Square Torbay -> Warehouse,16.0,23701.36,6.5837111111111115,True,1810.0,5600.0
30,Weekdays,30,Warehouse -> New World Metro Shore City -> Warehouse,5.0,9535.23,2.648675,False,582.71,2800.0
31,Weekdays,31,Warehouse -> New World Metro Shore City -> New World Metro Queen St -> Warehouse,10.0,15446.35,4.290652777777778,True,1190.0,4200.0
32,Weekdays,32,Warehouse -> New World Metro Shore City -> Four Square Britomart -> New World Metro Queen St -> Warehouse,15.0,20972.59,5.825719444444444,True,1500.0,4200.0
33,Weekdays,33,Warehouse -> New World Metro Shore City -> New World Metro Queen St -> Four Square Eden Terrace -> Warehouse,15.0,21069.83,5.852730555555556,True,1500.0,4200.0
34,Weekdays,34,Warehouse -> New World Metro Shore City -> New World Milford -> Warehouse,16.0,21988.98,6.1080499999999995,True,1810.0,5600.0
35,Weekdays,35,Warehouse -> New World Victoria Park -> New World Metro Shore City -> Warehouse,16.0,21733.08,6.036966666666667,True,1810.0,5600.0
36,Weekdays,36,Warehouse -> Four Square Lancaster -> New World Metro Shore City -> Warehouse,10.0,16368.83,4.546897222222222,True,1190.0,4200.0
37,Weekdays,37,Warehouse -> New World Metro Queen St -> Warehouse,5.0,8253.369999999999,2.2926027777777773,False,504.37,2800.0
38,Weekdays,38,Warehouse -> New World Metro Queen St -> New World Mt Albert -> Warehouse,15.0,19214.71,5.3374194444444445,True,1500.0,4200.0
39,Weekdays,39,Warehouse -> New World Newmarket -> New World Metro Queen St -> Warehouse,15.0,19585.13,5.440313888888889,True,1500.0,4200.0
40,Weekdays,40,Warehouse -> New World Metro Queen St -> New World Point Chevalier -> Warehouse,14.0,18364.260000000002,5.101183333333334,True,1500.0,4200.0
41,Weekdays,41,Warehouse -> New World Victoria Park -> New World Metro Queen St -> Warehouse,16.0,20407.22,5.668672222222223,True,1500.0,4200.0
42,Weekdays,42,Warehouse -> Four Square Britomart -> New World Metro Queen St -> Warehouse,10.0,13789.9,3.8305277777777778,False,842.72,2800.0
43,Weekdays,43,Warehouse -> Four Square Britomart -> New World Metro Queen St -> Four Square Eden Terrace -> Warehouse,15.0,19413.38,5.392605555555556,True,1500.0,4200.0
44,Weekdays,44,Warehouse -> Four Square Eden Terrace -> New World Metro Queen St -> Warehouse,10.0,13875.17,3.854213888888889,False,847.93,2800.0
45,Weekdays,45,Warehouse -> Four Square Remuera -> New World Metro Queen St -> Four Square Eden Terrace -> Warehouse,15.0,20482.59,5.689608333333333,True,1500.0,4200.0
46,Weekdays,46,Warehouse -> New World Milford -> Warehouse,11.0,16407.21,4.557558333333333,True,1190.0,4200.0
47,Weekdays,47,Warehouse -> Four Square Lancaster -> New World Milford -> Warehouse,16.0,22905.43,6.362619444444444,True,1810.0,5600.0
48,Weekdays,48,Warehouse -> New World Mt Albert -> Warehouse,10.0,12253.78,3.403827777777778,False,748.84,2800.0
49,Weekdays,49,Warehouse -> Four Square Britomart -> New World Mt Albert -> Warehouse,15.0,19285.77,5.3571583333333335,True,1500.0,4200.0
50,Weekdays,50,Warehouse -> New World Mt Albert -> Four Square Eden Terrace -> Warehouse,15.0,18635.73,5.176591666666667,True,1500.0,4200.0
51,Weekdays,51,Warehouse -> New World Mt Roskill -> Warehouse,10.0,11192.66,3.1090722222222222,False,684.0,2800.0
52,Weekdays,52,Warehouse -> New World Mt Roskill -> Four Square Onehunga -> Warehouse,15.0,17795.87,4.943297222222222,True,1190.0,4200.0
53,Weekdays,53,Warehouse -> New World New Lynn -> Warehouse,10.0,12461.69,3.461580555555556,False,761.55,2800.0
54,Weekdays,54,Warehouse -> Four Square Glen Eden -> New World New Lynn -> Warehouse,15.0,18944.23,5.262286111111111,True,1500.0,4200.0
55,Weekdays,55,Warehouse -> New World Newmarket -> Warehouse,10.0,13534.83,3.759675,False,827.13,2800.0
56,Weekdays,56,Warehouse -> Four Square Britomart -> New World Newmarket -> Warehouse,15.0,19669.28,5.463688888888888,True,1500.0,4200.0
57,Weekdays,57,Warehouse -> New World Newmarket -> Four Square Eden Terrace -> Warehouse,15.0,19152.09,5.320025,True,1500.0,4200.0
58,Weekdays,58,Warehouse -> New World Newmarket -> Four Square Ellerslie -> Warehouse,15.0,19821.32,5.505922222222222,True,1500.0,4200.0
59,Weekdays,59,Warehouse -> Four Square Onehunga -> New World Newmarket -> Warehouse,15.0,19118.760000000002,5.310766666666667,True,1500.0,4200.0
60,Weekdays,60,Warehouse -> New World Newmarket -> Four Square Remuera -> Warehouse,15.0,19829.72,5.5082555555555555,True,1500.0,4200.0
61,Weekdays,61,Warehouse -> New World Ormiston -> Warehouse,10.0,15136.64,4.2046222222222225,True,1190.0,4200.0
62,Weekdays,62,Warehouse -> New World Ormiston -> Four Square Botany Junction -> Warehouse,16.0,21647.96,6.013322222222222,True,1810.0,5600.0
63,Weekdays,63,Warehouse -> New World Papakura -> Warehouse,10.0,15637.54,4.343761111111111,True,1190.0,4200.0
64,Weekdays,64,Warehouse -> New World Papatoetoe -> Warehouse,10.0,13845.880000000001,3.846077777777778,False,846.14,2800.0
65,Weekdays,65,Warehouse -> New World Papatoetoe -> Four Square Botany Junction -> Warehouse,16.0,21506.6,5.974055555555555,True,1500.0,4200.0
66,Weekdays,66,Warehouse -> New World Point Chevalier -> Warehouse,9.0,11804.17,3.2789361111111113,False,721.37,2800.0
67,Weekdays,67,Warehouse -> Four Square Britomart -> New World Point Chevalier -> Warehouse,14.0,18435.32,5.120922222222222,True,1500.0,4200.0
68,Weekdays,68,Warehouse -> Four Square Eden Terrace -> New World Point Chevalier -> Warehouse,14.0,17883.44,4.9676222222222215,True,1190.0,4200.0
69,Weekdays,69,Warehouse -> New World Remuera -> Warehouse,10.0,14030.35,3.8973194444444443,False,857.41,2800.0
70,Weekdays,70,Warehouse -> New World Remuera -> Four Square Eden Terrace -> Warehouse,15.0,19647.61,5.457669444444445,True,1500.0,4200.0
71,Weekdays,71,Warehouse -> Four Square Ellerslie -> New World Remuera -> Warehouse,15.0,19918.66,5.532961111111111,True,1500.0,4200.0
72,Weekdays,72,Warehouse -> Four Square Onehunga -> New World Remuera -> Warehouse,15.0,19280.52,5.3557,True,1500.0,4200.0
73,Weekdays,73,Warehouse -> New World Remuera -> Four Square Remuera -> Warehouse,15.0,19709.85,5.474958333333333,True,1500.0,4200.0
74,Weekdays,74,Warehouse -> New World Remuera -> Four Square St Heliers -> Warehouse,15.0,21092.59,5.859052777777777,True,1500.0,4200.0
75,Weekdays,75,Warehouse -> New World Southmall -> Warehouse,10.0,14593.98,4.053883333333333,True,1190.0,4200.0
76,Weekdays,76,Warehouse -> New World Southmall -> Four Square Botany Junction -> Warehouse,16.0,22003.11,6.111975,True,1810.0,5600.0
77,Weekdays,77,Warehouse -> New World Stonefields -> Warehouse,10.0,14731.35,4.092041666666667,True,1190.0,4200.0
78,Weekdays,78,Warehouse -> Four Square Ellerslie -> New World Stonefields -> Warehouse,15.0,20218.87,5.616352777777777,True,1500.0,4200.0
79,Weekdays,79,Warehouse -> New World Stonefields -> Four Square Remuera -> Warehouse,15.0,20282.13,5.6339250000000005,True,1500.0,4200.0
80,Weekdays,80,Warehouse -> New World Stonefields -> Four Square St Heliers -> Warehouse,15.0,21204.96,5.890266666666666,True,1500.0,4200.0
81,Weekdays,81,Warehouse -> New World Victoria Park -> Warehouse,11.0,14671.39,4.075386111111111,True,1190.0,4200.0
82,Weekdays,82,Warehouse -> New World Victoria Park -> Four Square Britomart -> Warehouse,16.0,20510.73,5.697425,True,1500.0,4200.0
83,Weekdays,83,Warehouse -> New World Victoria Park -> Four Square Eden Terrace -> Warehouse,16.0,20382.760000000002,5.661877777777779,True,1500.0,4200.0
84,Weekdays,84,Warehouse -> Pak 'n Save Albany -> Warehouse,15.0,21459.989999999998,5.961108333333333,True,1500.0,4200.0
85,Weekdays,85,Warehouse -> Pak 'n Save Botany -> Warehouse,14.0,20057.42,5.5715055555555555,True,1500.0,4200.0
86,Weekdays,86,Warehouse -> Pak 'n Save Clendon -> Warehouse,14.0,18927.34,5.257594444444445,True,1500.0,4200.0
87,Weekdays,87,Warehouse -> Pak 'n Save Glen Innes -> Warehouse,16.0,22123.239999999998,6.145344444444444,True,1810.0,5600.0
88,Weekdays,88,Warehouse -> Pak 'n Save Highland Park -> Warehouse,14.0,19878.370000000003,5.521769444444445,True,1500.0,4200.0
89,Weekdays,89,Warehouse -> Pak 'n Save Henderson -> Warehouse,14.0,18471.09,5.130858333333333,True,1500.0,4200.0
90,Weekdays,90,Warehouse -> Pak 'n Save Lincoln Road -> Warehouse,15.0,19041.89,5.289413888888888,True,1500.0,4200.0
91,Weekdays,91,Warehouse -> Pak 'n Save Mangere -> Warehouse,14.0,17439.57,4.8443249999999995,True,1190.0,4200.0
92,Weekdays,92,Warehouse -> Pak 'n Save Manukau -> Warehouse,14.0,18476.7,5.132416666666667,True,1500.0,4200.0
93,Weekdays,93,Warehouse -> Pak 'n Save Mt Albert -> Warehouse,14.0,16419.27,4.560908333333334,True,1190.0,4200.0
94,Weekdays,94,Warehouse -> Pak 'n Save Ormiston -> Warehouse,15.0,20617.23,5.727008333333333,True,1500.0,4200.0
95,Weekdays,95,Warehouse -> Pak 'n Save Papakura -> Warehouse,14.0,19791.63,5.497675,True,1500.0,4200.0
96,Weekdays,96,Warehouse -> Pak 'n Save Royal Oak -> Warehouse,15.0,17813.54,4.948205555555556,True,1190.0,4200.0
97,Weekdays,97,Warehouse -> Pak 'n Save Sylvia Park -> Warehouse,13.0,17969.55,4.9915416666666665,True,1190.0,4200.0
98,Weekdays,98,Warehouse -> Pak 'n Save Wairau Road -> Warehouse,14.0,19400.95,5.389152777777778,True,1500.0,4200.0
99,Weekdays,99,Warehouse -> Pak 'n Save Westgate -> Warehouse,14.0,18359.0,5.099722222222222,True,1500.0,4200.0
100,Weekdays,100,Warehouse -> Four Square Botany Junction -> Warehouse,6.0,10520.98,2.9224944444444443,False,642.95,2800.0
101,Weekdays,101,Warehouse -> Four Square Cockle Bay -> Four Square Botany Junction -> Warehouse,11.0,17346.07,4.818352777777777,True,1190.0,4200.0
102,Weekdays,102,Warehouse -> Four Square Pakuranga Heights -> Four Square Cockle Bay -> Four Square Botany Junction -> Warehouse,16.0,22979.75,6.383263888888889,True,1810.0,5600.0
103,Weekdays,103,Warehouse -> Four Square Pakuranga Heights -> Four Square Botany Junction -> Warehouse,11.0,16608.59,4.613497222222223,True,1190.0,4200.0
104,Weekdays,104,Warehouse -> Four Square Britomart -> Warehouse,5.0,8324.43,2.3123416666666667,False,508.72,2800.0
105,Weekdays,105,Warehouse -> Four Square Britomart -> Four Square Eden Terrace -> Warehouse,10.0,14013.380000000001,3.892605555555556,False,856.37,2800.0
106,Weekdays,106,Warehouse -> Four Square Britomart -> Four Square Remuera -> Four Square Eden Terrace -> Warehouse,15.0,20560.53,5.711258333333333,True,1500.0,4200.0
107,Weekdays,107,Warehouse -> Four Square Cockle Bay -> Warehouse,5.0,10905.24,3.0292333333333334,False,666.43,2800.0
108,Weekdays,108,Warehouse -> Four Square Cockle Bay -> Four Square Pakuranga Heights -> Warehouse,10.0,16477.78,4.577161111111111,True,1190.0,4200.0
109,Weekdays,109,Warehouse -> Four Square Eden Terrace -> Warehouse,5.0,7772.55,2.1590416666666665,False,474.99,2800.0
110,Weekdays,110,Warehouse -> Four Square Remuera -> Four Square Eden Terrace -> Warehouse,10.0,14426.07,4.007241666666666,True,1190.0,4200.0
111,Weekdays,111,Warehouse -> Four Square Eden Terrace -> Four Square Remuera -> Four Square St Heliers -> Warehouse,15.0,21305.1,5.918083333333333,True,1500.0,4200.0
112,Weekdays,112,Warehouse -> Four Square Ellerslie -> Warehouse,5.0,8800.42,2.444561111111111,False,537.8,2800.0
113,Weekdays,113,Warehouse -> Four Square Ellerslie -> Four Square Onehunga -> Warehouse,10.0,13843.02,3.8452833333333336,False,845.96,2800.0
114,Weekdays,114,Warehouse -> Four Square Onehunga -> Four Square Ellerslie -> Four Square Remuera -> Warehouse,15.0,19500.65,5.416847222222223,True,1500.0,4200.0
115,Weekdays,115,Warehouse -> Four Square Ellerslie -> Four Square Remuera -> Warehouse,10.0,14416.74,4.00465,True,1190.0,4200.0
116,Weekdays,116,Warehouse -> Four Square Ellerslie -> Four Square Remuera -> Four Square St Heliers -> Warehouse,15.0,21240.98,5.900272222222222,True,1500.0,4200.0
117,Weekdays,117,Warehouse -> Four Square Ellerslie -> Four Square St Heliers -> Warehouse,10.0,15685.31,4.357030555555555,True,1190.0,4200.0
118,Weekdays,118,Warehouse -> Four Square Fair Price Henderson -> Warehouse,5.0,8653.130000000001,2.4036472222222227,False,528.8,2800.0
119,Weekdays,119,Warehouse -> Four Square Glen Eden -> Four Square Fair Price Henderson -> Warehouse,10.0,14781.59,4.105997222222222,True,1190.0,4200.0
120,Weekdays,120,Warehouse -> Four Square Fair Price Henderson -> Four Square Hobsonville -> Warehouse,10.0,15312.05,4.253347222222222,True,1190.0,4200.0
121,Weekdays,121,Warehouse -> Four Square Glen Eden -> Warehouse,5.0,7965.3,2.2125833333333333,False,486.77,2800.0
122,Weekdays,122,Warehouse -> Four Square Hobsonville -> Warehouse,5.0,9113.54,2.531538888888889,False,556.94,2800.0
123,Weekdays,123,Warehouse -> Four Square Lancaster -> Warehouse,5.0,10245.84,2.8460666666666667,False,626.13,2800.0
124,Weekdays,124,Warehouse -> Four Square Onehunga -> Warehouse,5.0,6954.43,1.9317861111111112,False,424.99,1400.0
125,Weekdays,125,Warehouse -> Four Square Onehunga -> Four Square Remuera -> Warehouse,10.0,13991.23,3.8864527777777775,False,855.02,2800.0
126,Weekdays,126,Warehouse -> Four Square Onehunga -> Four Square Remuera -> Four Square St Heliers -> Warehouse,15.0,20815.47,5.782075000000001,True,1500.0,4200.0
127,Weekdays,127,Warehouse -> Four Square Remuera -> Warehouse,5.0,8808.82,2.4468944444444443,False,538.32,2800.0
128,Weekdays,128,Warehouse -> Four Square Remuera -> Four Square St Heliers -> Warehouse,10.0,15633.06,4.342516666666667,True,1190.0,4200.0
129,Weekdays,129,Warehouse -> Four Square Pakuranga Heights -> Warehouse,5.0,9682.04,2.689455555555556,False,591.68,2800.0
130,Weekdays,130,Warehouse -> Four Square St Heliers -> Warehouse,5.0,10197.79,2.832719444444445,False,623.2,2800.0
131,Weekdays,131,Warehouse -> Four Square Torbay -> Warehouse,6.0,12736.52,3.5379222222222224,False,778.34,2800.0
